timestamp_iso,attempted_rps,achieved_rps,errors,p50_ms,p95_ms,p99_ms,p999_ms,max_ms
2026-07-11T15:12:18.975Z,0.00,0.00,0,14.86,14.86,14.86,14.86,14.86
2026-07-11T15:12:19.971Z,0.00,1.00,0,0.00,0.00,0.00,0.00,0.00
2026-07-11T15:12:20.972Z,1.00,1.00,0,2.59,2.59,2.59,2.59,2.59
2026-07-11T15:12:21.972Z,1.00,1.00,0,2.33,2.33,2.33,2.33,2.33
2026-07-11T15:12:22.972Z,1.00,1.00,0,2.42,2.42,2.42,2.42,2.42
2026-07-11T15:12:23.971Z,1.00,1.00,0,1.89,1.89,1.89,1.89,1.89
2026-07-11T15:12:24.971Z,1.00,1.00,0,2.94,2.94,2.94,2.94,2.94
2026-07-11T15:12:25.971Z,1.00,1.00,0,2.34,2.34,2.34,2.34,2.34
2026-07-11T15:12:26.971Z,1.00,1.00,0,2.17,2.17,2.17,2.17,2.17
2026-07-11T15:12:27.971Z,1.00,1.00,0,2.89,2.89,2.89,2.89,2.89
2026-07-11T15:12:28.971Z,1.00,1.00,0,2.80,2.80,2.80,2.80,2.80
2026-07-11T15:12:29.971Z,1.00,1.00,0,2.73,2.73,2.73,2.73,2.73
2026-07-11T15:12:30.971Z,1.00,1.00,0,2.60,2.60,2.60,2.60,2.60
2026-07-11T15:12:31.971Z,1.00,1.00,0,2.70,2.70,2.70,2.70,2.70
2026-07-11T15:12:32.971Z,1.00,1.00,0,6.62,6.62,6.62,6.62,6.62
2026-07-11T15:12:33.971Z,1.00,1.00,0,1.92,1.92,1.92,1.92,1.92
2026-07-11T15:12:34.971Z,1.00,1.00,0,7.51,7.51,7.51,7.51,7.51
2026-07-11T15:12:35.971Z,1.00,1.00,0,2.51,2.51,2.51,2.51,2.51
2026-07-11T15:12:36.971Z,1.00,1.00,0,2.11,2.11,2.11,2.11,2.11
2026-07-11T15:12:37.971Z,1.00,1.00,0,7.52,7.52,7.52,7.52,7.52
2026-07-11T15:12:38.971Z,1.00,1.00,0,2.17,2.17,2.17,2.17,2.17
2026-07-11T15:12:39.971Z,1.00,1.00,0,2.24,2.24,2.24,2.24,2.24
2026-07-11T15:12:40.971Z,1.00,1.00,0,4.70,4.70,4.70,4.70,4.70
2026-07-11T15:12:41.971Z,1.00,1.00,0,2.44,2.44,2.44,2.44,2.44
2026-07-11T15:12:42.971Z,1.00,0.00,0,0.00,0.00,0.00,0.00,0.00
2026-07-11T15:12:43.971Z,1.00,2.00,0,3.51,1574.91,1574.91,1574.91,1574.91
2026-07-11T15:12:44.971Z,1.00,1.00,0,3.90,3.90,3.90,3.90,3.90
2026-07-11T15:12:45.971Z,1.00,1.00,0,2.12,2.12,2.12,2.12,2.12
2026-07-11T15:12:46.971Z,1.00,1.00,0,2.93,2.93,2.93,2.93,2.93
2026-07-11T15:12:47.971Z,1.00,1.00,0,8.74,8.74,8.74,8.74,8.74
2026-07-11T15:12:48.971Z,1.00,1.00,0,2.73,2.73,2.73,2.73,2.73
2026-07-11T15:12:49.971Z,1.00,1.00,0,2.84,2.84,2.84,2.84,2.84
2026-07-11T15:12:50.971Z,1.00,1.00,0,2.44,2.44,2.44,2.44,2.44
2026-07-11T15:12:51.971Z,1.00,1.00,0,6.77,6.77,6.77,6.77,6.77
2026-07-11T15:12:52.971Z,1.00,1.00,0,2.22,2.22,2.22,2.22,2.22
2026-07-11T15:12:53.971Z,1.00,1.00,0,2.88,2.88,2.88,2.88,2.88
2026-07-11T15:12:54.971Z,1.00,1.00,0,7.19,7.19,7.19,7.19,7.19
2026-07-11T15:12:55.971Z,1.00,1.00,0,2.04,2.04,2.04,2.04,2.04
2026-07-11T15:12:56.971Z,1.00,1.00,0,2.24,2.24,2.24,2.24,2.24
2026-07-11T15:12:57.971Z,1.00,1.00,0,3.16,3.16,3.16,3.16,3.16
2026-07-11T15:12:58.971Z,1.00,1.00,0,2.20,2.20,2.20,2.20,2.20
2026-07-11T15:12:59.971Z,1.00,1.00,0,2.52,2.52,2.52,2.52,2.52
2026-07-11T15:13:00.971Z,1.00,1.00,0,2.47,2.47,2.47,2.47,2.47
2026-07-11T15:13:01.971Z,1.00,1.00,0,7.70,7.70,7.70,7.70,7.70
2026-07-11T15:13:02.971Z,1.00,1.00,0,2.41,2.41,2.41,2.41,2.41
2026-07-11T15:13:03.971Z,1.00,1.00,0,5.15,5.15,5.15,5.15,5.15
2026-07-11T15:13:04.971Z,1.00,1.00,0,2.37,2.37,2.37,2.37,2.37
2026-07-11T15:13:05.971Z,1.00,1.00,0,2.47,2.47,2.47,2.47,2.47
2026-07-11T15:13:06.971Z,1.00,1.00,0,2.34,2.34,2.34,2.34,2.34
2026-07-11T15:13:07.971Z,1.00,1.00,0,2.80,2.80,2.80,2.80,2.80
2026-07-11T15:13:08.971Z,1.00,1.00,0,2.66,2.66,2.66,2.66,2.66
2026-07-11T15:13:09.971Z,1.00,1.00,0,2.24,2.24,2.24,2.24,2.24
2026-07-11T15:13:10.971Z,1.00,1.00,0,2.56,2.56,2.56,2.56,2.56
2026-07-11T15:13:11.971Z,1.00,1.00,0,2.67,2.67,2.67,2.67,2.67
2026-07-11T15:13:12.971Z,1.00,1.00,0,2.48,2.48,2.48,2.48,2.48
2026-07-11T15:13:13.971Z,1.00,1.00,0,2.26,2.26,2.26,2.26,2.26
2026-07-11T15:13:14.971Z,1.00,1.00,0,2.60,2.60,2.60,2.60,2.60
2026-07-11T15:13:15.971Z,1.00,1.00,0,2.33,2.33,2.33,2.33,2.33
2026-07-11T15:13:16.971Z,1.00,1.00,0,2.43,2.43,2.43,2.43,2.43
2026-07-11T15:13:17.971Z,1.00,1.00,0,2.33,2.33,2.33,2.33,2.33
2026-07-11T15:13:18.971Z,1.00,1.00,0,1.88,1.88,1.88,1.88,1.88
2026-07-11T15:13:19.971Z,1.00,1.00,0,2.43,2.43,2.43,2.43,2.43
2026-07-11T15:13:20.971Z,1.00,1.00,0,2.26,2.26,2.26,2.26,2.26
2026-07-11T15:13:21.971Z,1.00,1.00,0,2.18,2.18,2.18,2.18,2.18
2026-07-11T15:13:22.971Z,1.00,1.00,0,2.37,2.37,2.37,2.37,2.37
2026-07-11T15:13:23.971Z,1.00,1.00,0,8.18,8.18,8.18,8.18,8.18
2026-07-11T15:13:24.971Z,1.00,1.00,0,2.12,2.12,2.12,2.12,2.12
2026-07-11T15:13:25.971Z,1.00,1.00,0,6.27,6.27,6.27,6.27,6.27
2026-07-11T15:13:26.971Z,1.00,1.00,0,2.49,2.49,2.49,2.49,2.49
2026-07-11T15:13:27.971Z,1.00,1.00,0,2.31,2.31,2.31,2.31,2.31
2026-07-11T15:13:28.971Z,1.00,1.00,0,7.30,7.30,7.30,7.30,7.30
2026-07-11T15:13:29.971Z,1.00,0.00,0,0.00,0.00,0.00,0.00,0.00
2026-07-11T15:13:30.971Z,1.00,0.00,0,0.00,0.00,0.00,0.00,0.00
2026-07-11T15:13:31.971Z,1.00,0.00,0,0.00,0.00,0.00,0.00,0.00
2026-07-11T15:13:32.971Z,1.00,1.00,0,15.81,15.81,15.81,15.81,15.81
2026-07-11T15:13:33.971Z,1.00,1.00,0,5.33,5.33,5.33,5.33,5.33
2026-07-11T15:13:34.971Z,1.00,1.00,0,4.20,4.20,4.20,4.20,4.20
2026-07-11T15:13:35.971Z,1.00,2.00,0,5.34,4620.29,4620.29,4620.29,4620.29
2026-07-11T15:13:36.971Z,1.00,2.00,0,4.19,7045.12,7045.12,7045.12,7045.12
2026-07-11T15:13:37.971Z,1.00,1.00,0,2.55,2.55,2.55,2.55,2.55
2026-07-11T15:13:38.971Z,1.00,1.00,0,2.21,2.21,2.21,2.21,2.21
2026-07-11T15:13:39.971Z,1.00,2.00,0,2.21,9273.34,9273.34,9273.34,9273.34
2026-07-11T15:13:40.971Z,1.00,1.00,0,6.11,6.11,6.11,6.11,6.11
2026-07-11T15:13:41.971Z,1.00,1.00,0,480.00,480.00,480.00,480.00,480.00
2026-07-11T15:13:42.971Z,1.00,1.00,0,2.69,2.69,2.69,2.69,2.69
2026-07-11T15:13:43.971Z,1.00,1.00,0,9.58,9.58,9.58,9.58,9.58
2026-07-11T15:13:44.971Z,1.00,1.00,0,6.52,6.52,6.52,6.52,6.52
2026-07-11T15:13:45.971Z,1.00,1.00,0,4.92,4.92,4.92,4.92,4.92
2026-07-11T15:13:46.971Z,1.00,1.00,0,2.48,2.48,2.48,2.48,2.48
2026-07-11T15:13:47.971Z,1.00,1.00,0,4.97,4.97,4.97,4.97,4.97
2026-07-11T15:13:48.971Z,1.00,1.00,0,2.35,2.35,2.35,2.35,2.35
2026-07-11T15:13:49.971Z,1.00,1.00,0,2.29,2.29,2.29,2.29,2.29
2026-07-11T15:13:50.971Z,1.00,1.00,0,8.54,8.54,8.54,8.54,8.54
2026-07-11T15:13:51.971Z,1.00,1.00,0,2.44,2.44,2.44,2.44,2.44
2026-07-11T15:13:52.971Z,1.00,1.00,0,2.45,2.45,2.45,2.45,2.45
2026-07-11T15:13:53.971Z,1.00,1.00,0,2.42,2.42,2.42,2.42,2.42
2026-07-11T15:13:54.971Z,1.00,1.00,0,2.39,2.39,2.39,2.39,2.39
2026-07-11T15:13:55.971Z,1.00,1.00,0,11.41,11.41,11.41,11.41,11.41
2026-07-11T15:13:56.971Z,1.00,0.00,0,0.00,0.00,0.00,0.00,0.00
2026-07-11T15:13:57.971Z,1.00,2.00,0,2.54,1708.03,1708.03,1708.03,1708.03
2026-07-11T15:13:58.971Z,1.00,1.00,0,3.51,3.51,3.51,3.51,3.51
2026-07-11T15:13:59.971Z,1.00,1.00,0,2.48,2.48,2.48,2.48,2.48
2026-07-11T15:14:00.971Z,1.00,1.00,0,2.67,2.67,2.67,2.67,2.67
2026-07-11T15:14:01.971Z,1.00,1.00,0,2.72,2.72,2.72,2.72,2.72
2026-07-11T15:14:02.971Z,1.00,0.00,0,0.00,0.00,0.00,0.00,0.00
2026-07-11T15:14:03.971Z,1.00,2.00,0,4.13,1785.86,1785.86,1785.86,1785.86
2026-07-11T15:14:04.971Z,1.00,1.00,0,1.72,1.72,1.72,1.72,1.72
2026-07-11T15:14:05.971Z,1.00,1.00,0,2.61,2.61,2.61,2.61,2.61
2026-07-11T15:14:06.971Z,1.00,1.00,0,2.45,2.45,2.45,2.45,2.45
2026-07-11T15:14:07.971Z,1.00,1.00,0,2.49,2.49,2.49,2.49,2.49
2026-07-11T15:14:08.971Z,1.00,1.00,0,2.43,2.43,2.43,2.43,2.43
2026-07-11T15:14:09.971Z,1.00,1.00,0,7.43,7.43,7.43,7.43,7.43
2026-07-11T15:14:10.971Z,1.00,1.00,0,2.63,2.63,2.63,2.63,2.63
2026-07-11T15:14:11.971Z,1.00,1.00,0,6.60,6.60,6.60,6.60,6.60
2026-07-11T15:14:12.971Z,1.00,1.00,0,2.34,2.34,2.34,2.34,2.34
2026-07-11T15:14:13.971Z,1.00,1.00,0,2.33,2.33,2.33,2.33,2.33
2026-07-11T15:14:14.971Z,1.00,1.00,0,10.31,10.31,10.31,10.31,10.31
2026-07-11T15:14:15.971Z,1.00,1.00,0,2.46,2.46,2.46,2.46,2.46
2026-07-11T15:14:16.971Z,1.00,1.00,0,2.15,2.15,2.15,2.15,2.15
2026-07-11T15:14:17.971Z,1.00,1.00,0,2.44,2.44,2.44,2.44,2.44
2026-07-11T15:14:18.971Z,1.00,1.00,0,2.51,2.51,2.51,2.51,2.51
2026-07-11T15:14:19.971Z,1.00,1.00,0,2.33,2.33,2.33,2.33,2.33
2026-07-11T15:14:20.971Z,1.00,1.00,0,2.74,2.74,2.74,2.74,2.74
2026-07-11T15:14:21.971Z,1.00,1.00,0,2.41,2.41,2.41,2.41,2.41
2026-07-11T15:14:22.971Z,1.00,1.00,0,2.41,2.41,2.41,2.41,2.41
2026-07-11T15:14:23.971Z,1.00,1.00,0,2.57,2.57,2.57,2.57,2.57
2026-07-11T15:14:24.971Z,1.00,1.00,0,2.30,2.30,2.30,2.30,2.30
2026-07-11T15:14:25.971Z,1.00,1.00,0,2.41,2.41,2.41,2.41,2.41
2026-07-11T15:14:26.971Z,1.00,1.00,0,2.42,2.42,2.42,2.42,2.42
2026-07-11T15:14:27.971Z,1.00,1.00,0,2.54,2.54,2.54,2.54,2.54
2026-07-11T15:14:28.971Z,1.00,1.00,0,2.45,2.45,2.45,2.45,2.45
2026-07-11T15:14:29.971Z,1.00,1.00,0,2.57,2.57,2.57,2.57,2.57
2026-07-11T15:14:30.971Z,1.00,1.00,0,5.49,5.49,5.49,5.49,5.49
2026-07-11T15:14:31.971Z,1.00,1.00,0,5.51,5.51,5.51,5.51,5.51
2026-07-11T15:14:32.971Z,1.00,1.00,0,5.13,5.13,5.13,5.13,5.13
2026-07-11T15:14:33.971Z,1.00,1.00,0,2.45,2.45,2.45,2.45,2.45
2026-07-11T15:14:34.971Z,1.00,1.00,0,7.83,7.83,7.83,7.83,7.83
2026-07-11T15:14:35.971Z,1.00,1.00,0,2.46,2.46,2.46,2.46,2.46
2026-07-11T15:14:36.971Z,1.00,1.00,0,2.51,2.51,2.51,2.51,2.51
2026-07-11T15:14:37.971Z,1.00,1.00,0,2.38,2.38,2.38,2.38,2.38
2026-07-11T15:14:38.971Z,1.00,1.00,0,2.49,2.49,2.49,2.49,2.49
2026-07-11T15:14:39.971Z,1.00,1.00,0,2.74,2.74,2.74,2.74,2.74
2026-07-11T15:14:40.971Z,1.00,1.00,0,2.25,2.25,2.25,2.25,2.25
2026-07-11T15:14:41.971Z,1.00,1.00,0,2.31,2.31,2.31,2.31,2.31
2026-07-11T15:14:42.971Z,1.00,1.00,0,2.14,2.14,2.14,2.14,2.14
2026-07-11T15:14:43.971Z,1.00,1.00,0,2.16,2.16,2.16,2.16,2.16
2026-07-11T15:14:44.971Z,1.00,1.00,0,7.53,7.53,7.53,7.53,7.53
2026-07-11T15:14:45.971Z,1.00,1.00,0,2.14,2.14,2.14,2.14,2.14
2026-07-11T15:14:46.971Z,1.00,1.00,0,1.83,1.83,1.83,1.83,1.83
2026-07-11T15:14:47.971Z,1.00,1.00,0,6.40,6.40,6.40,6.40,6.40
2026-07-11T15:14:48.971Z,1.00,1.00,0,2.49,2.49,2.49,2.49,2.49
2026-07-11T15:14:49.971Z,1.00,1.00,0,7.01,7.01,7.01,7.01,7.01
2026-07-11T15:14:50.971Z,1.00,1.00,0,2.44,2.44,2.44,2.44,2.44
2026-07-11T15:14:51.971Z,1.00,1.00,0,2.74,2.74,2.74,2.74,2.74
2026-07-11T15:14:52.971Z,1.00,0.00,0,0.00,0.00,0.00,0.00,0.00
2026-07-11T15:14:53.971Z,1.00,1.00,0,43.39,43.39,43.39,43.39,43.39
2026-07-11T15:14:54.971Z,1.00,1.00,0,1.88,1.88,1.88,1.88,1.88
2026-07-11T15:14:55.971Z,1.00,1.00,0,3.92,3.92,3.92,3.92,3.92
2026-07-11T15:14:56.971Z,1.00,2.00,0,5.48,4155.39,4155.39,4155.39,4155.39
2026-07-11T15:14:57.971Z,1.00,1.00,0,2.52,2.52,2.52,2.52,2.52
2026-07-11T15:14:58.971Z,1.00,1.00,0,2.61,2.61,2.61,2.61,2.61
2026-07-11T15:14:59.971Z,1.00,1.00,0,9.10,9.10,9.10,9.10,9.10
2026-07-11T15:15:00.971Z,1.00,1.00,0,7.80,7.80,7.80,7.80,7.80
2026-07-11T15:15:01.971Z,1.00,1.00,0,696.83,696.83,696.83,696.83,696.83
2026-07-11T15:15:02.971Z,1.00,1.00,0,9.17,9.17,9.17,9.17,9.17
2026-07-11T15:15:03.971Z,1.00,1.00,0,2.45,2.45,2.45,2.45,2.45
2026-07-11T15:15:04.971Z,1.00,1.00,0,2.18,2.18,2.18,2.18,2.18
2026-07-11T15:15:05.971Z,1.00,1.00,0,2.30,2.30,2.30,2.30,2.30
2026-07-11T15:15:06.971Z,1.00,1.00,0,2.60,2.60,2.60,2.60,2.60
2026-07-11T15:15:07.971Z,1.00,1.00,0,2.66,2.66,2.66,2.66,2.66
2026-07-11T15:15:08.971Z,1.00,1.00,0,2.02,2.02,2.02,2.02,2.02
2026-07-11T15:15:09.971Z,1.00,1.00,0,2.12,2.12,2.12,2.12,2.12
2026-07-11T15:15:10.971Z,1.00,1.00,0,2.33,2.33,2.33,2.33,2.33
2026-07-11T15:15:11.971Z,1.00,1.00,0,2.20,2.20,2.20,2.20,2.20
2026-07-11T15:15:12.971Z,1.00,1.00,0,6.81,6.81,6.81,6.81,6.81
2026-07-11T15:15:13.971Z,1.00,1.00,0,2.31,2.31,2.31,2.31,2.31
2026-07-11T15:15:14.971Z,1.00,1.00,0,1.94,1.94,1.94,1.94,1.94
2026-07-11T15:15:15.971Z,1.00,1.00,0,2.00,2.00,2.00,2.00,2.00
2026-07-11T15:15:16.971Z,1.00,1.00,0,1.76,1.76,1.76,1.76,1.76
2026-07-11T15:15:17.971Z,1.00,1.00,0,5.52,5.52,5.52,5.52,5.52
2026-07-11T15:15:18.971Z,1.00,1.00,0,2.34,2.34,2.34,2.34,2.34
2026-07-11T15:15:19.971Z,1.00,1.00,0,2.21,2.21,2.21,2.21,2.21
2026-07-11T15:15:20.971Z,1.00,1.00,0,2.17,2.17,2.17,2.17,2.17
2026-07-11T15:15:21.971Z,1.00,1.00,0,1.94,1.94,1.94,1.94,1.94
2026-07-11T15:15:22.971Z,1.00,1.00,0,2.30,2.30,2.30,2.30,2.30
2026-07-11T15:15:23.971Z,1.00,1.00,0,2.22,2.22,2.22,2.22,2.22
2026-07-11T15:15:24.971Z,1.00,1.00,0,2.58,2.58,2.58,2.58,2.58
2026-07-11T15:15:25.971Z,1.00,1.00,0,2.44,2.44,2.44,2.44,2.44
2026-07-11T15:15:26.971Z,1.00,1.00,0,2.31,2.31,2.31,2.31,2.31
2026-07-11T15:15:27.971Z,1.00,1.00,0,2.37,2.37,2.37,2.37,2.37
2026-07-11T15:15:28.971Z,1.00,1.00,0,6.31,6.31,6.31,6.31,6.31
2026-07-11T15:15:29.971Z,1.00,1.00,0,7.69,7.69,7.69,7.69,7.69
2026-07-11T15:15:30.971Z,1.00,1.00,0,2.42,2.42,2.42,2.42,2.42
2026-07-11T15:15:31.971Z,1.00,1.00,0,1.99,1.99,1.99,1.99,1.99
2026-07-11T15:15:32.971Z,1.00,1.00,0,2.26,2.26,2.26,2.26,2.26
2026-07-11T15:15:33.971Z,1.00,1.00,0,2.37,2.37,2.37,2.37,2.37
2026-07-11T15:15:34.971Z,1.00,1.00,0,2.24,2.24,2.24,2.24,2.24
2026-07-11T15:15:35.971Z,1.00,1.00,0,2.20,2.20,2.20,2.20,2.20
2026-07-11T15:15:36.971Z,1.00,1.00,0,1.88,1.88,1.88,1.88,1.88
2026-07-11T15:15:37.971Z,1.00,1.00,0,8.09,8.09,8.09,8.09,8.09
2026-07-11T15:15:38.971Z,1.00,1.00,0,2.11,2.11,2.11,2.11,2.11
2026-07-11T15:15:39.971Z,1.00,1.00,0,2.26,2.26,2.26,2.26,2.26
2026-07-11T15:15:40.971Z,1.00,1.00,0,2.18,2.18,2.18,2.18,2.18
2026-07-11T15:15:41.971Z,1.00,1.00,0,2.08,2.08,2.08,2.08,2.08
2026-07-11T15:15:42.971Z,1.00,1.00,0,2.22,2.22,2.22,2.22,2.22
2026-07-11T15:15:43.971Z,1.00,1.00,0,1.84,1.84,1.84,1.84,1.84
2026-07-11T15:15:44.971Z,1.00,1.00,0,1.90,1.90,1.90,1.90,1.90
2026-07-11T15:15:45.971Z,1.00,1.00,0,2.06,2.06,2.06,2.06,2.06
2026-07-11T15:15:46.971Z,1.00,1.00,0,2.17,2.17,2.17,2.17,2.17
2026-07-11T15:15:47.971Z,1.00,1.00,0,2.00,2.00,2.00,2.00,2.00
2026-07-11T15:15:48.971Z,1.00,1.00,0,5.51,5.51,5.51,5.51,5.51
2026-07-11T15:15:49.971Z,1.00,1.00,0,2.18,2.18,2.18,2.18,2.18
2026-07-11T15:15:50.971Z,1.00,1.00,0,2.40,2.40,2.40,2.40,2.40
2026-07-11T15:15:51.971Z,1.00,1.00,0,2.19,2.19,2.19,2.19,2.19
2026-07-11T15:15:52.971Z,1.00,0.00,0,0.00,0.00,0.00,0.00,0.00
2026-07-11T15:15:53.971Z,1.00,2.00,0,8.06,1959.94,1959.94,1959.94,1959.94
2026-07-11T15:15:54.971Z,1.00,1.00,0,1.21,1.21,1.21,1.21,1.21
2026-07-11T15:15:55.971Z,1.00,1.00,0,2.20,2.20,2.20,2.20,2.20
2026-07-11T15:15:56.971Z,1.00,1.00,0,2.17,2.17,2.17,2.17,2.17
2026-07-11T15:15:57.971Z,1.00,1.00,0,2.33,2.33,2.33,2.33,2.33
2026-07-11T15:15:58.971Z,1.00,1.00,0,2.06,2.06,2.06,2.06,2.06
2026-07-11T15:15:59.971Z,1.00,1.00,0,2.92,2.92,2.92,2.92,2.92
2026-07-11T15:16:00.971Z,1.00,1.00,0,2.13,2.13,2.13,2.13,2.13
2026-07-11T15:16:01.971Z,1.00,1.00,0,2.05,2.05,2.05,2.05,2.05
2026-07-11T15:16:02.971Z,1.00,1.00,0,6.21,6.21,6.21,6.21,6.21
2026-07-11T15:16:03.971Z,1.00,1.00,0,2.38,2.38,2.38,2.38,2.38
2026-07-11T15:16:04.971Z,1.00,1.00,0,2.24,2.24,2.24,2.24,2.24
2026-07-11T15:16:05.971Z,1.00,1.00,0,2.01,2.01,2.01,2.01,2.01
2026-07-11T15:16:06.971Z,1.00,1.00,0,2.39,2.39,2.39,2.39,2.39
2026-07-11T15:16:07.971Z,1.00,1.00,0,2.20,2.20,2.20,2.20,2.20
2026-07-11T15:16:08.971Z,1.00,1.00,0,2.32,2.32,2.32,2.32,2.32
2026-07-11T15:16:09.971Z,1.00,1.00,0,2.44,2.44,2.44,2.44,2.44
2026-07-11T15:16:10.971Z,1.00,1.00,0,2.24,2.24,2.24,2.24,2.24
2026-07-11T15:16:11.971Z,1.00,1.00,0,10.23,10.23,10.23,10.23,10.23
2026-07-11T15:16:12.971Z,1.00,1.00,0,2.30,2.30,2.30,2.30,2.30
2026-07-11T15:16:13.971Z,1.00,1.00,0,8.03,8.03,8.03,8.03,8.03
2026-07-11T15:16:14.971Z,1.00,1.00,0,2.24,2.24,2.24,2.24,2.24
2026-07-11T15:16:15.971Z,1.00,1.00,0,2.28,2.28,2.28,2.28,2.28
2026-07-11T15:16:16.971Z,1.00,1.00,0,2.02,2.02,2.02,2.02,2.02
2026-07-11T15:16:17.971Z,1.00,1.00,0,1.87,1.87,1.87,1.87,1.87
2026-07-11T15:16:18.971Z,1.00,1.00,0,2.37,2.37,2.37,2.37,2.37
2026-07-11T15:16:19.971Z,1.00,1.00,0,1.85,1.85,1.85,1.85,1.85
2026-07-11T15:16:20.971Z,1.00,1.00,0,2.21,2.21,2.21,2.21,2.21
2026-07-11T15:16:21.971Z,1.00,1.00,0,2.07,2.07,2.07,2.07,2.07
2026-07-11T15:16:22.971Z,1.00,1.00,0,1.86,1.86,1.86,1.86,1.86
2026-07-11T15:16:23.971Z,1.00,1.00,0,8.11,8.11,8.11,8.11,8.11
2026-07-11T15:16:24.971Z,1.00,1.00,0,2.05,2.05,2.05,2.05,2.05
2026-07-11T15:16:25.971Z,1.00,1.00,0,1.77,1.77,1.77,1.77,1.77
2026-07-11T15:16:26.971Z,1.00,1.00,0,2.22,2.22,2.22,2.22,2.22
2026-07-11T15:16:27.971Z,1.00,1.00,0,2.21,2.21,2.21,2.21,2.21
2026-07-11T15:16:28.971Z,1.00,1.00,0,2.00,2.00,2.00,2.00,2.00
2026-07-11T15:16:29.971Z,1.00,0.00,0,0.00,0.00,0.00,0.00,0.00
2026-07-11T15:16:30.971Z,1.00,2.00,0,2.33,1626.11,1626.11,1626.11,1626.11
2026-07-11T15:16:31.971Z,1.00,1.00,0,1.44,1.44,1.44,1.44,1.44
2026-07-11T15:16:32.971Z,1.00,1.00,0,1.96,1.96,1.96,1.96,1.96
2026-07-11T15:16:33.971Z,1.00,1.00,0,1.81,1.81,1.81,1.81,1.81
2026-07-11T15:16:34.971Z,1.00,1.00,0,1.79,1.79,1.79,1.79,1.79
2026-07-11T15:16:35.971Z,1.00,1.00,0,8.42,8.42,8.42,8.42,8.42
2026-07-11T15:16:36.971Z,1.00,1.00,0,1.93,1.93,1.93,1.93,1.93
2026-07-11T15:16:37.971Z,1.00,1.00,0,6.14,6.14,6.14,6.14,6.14
2026-07-11T15:16:38.971Z,1.00,1.00,0,2.14,2.14,2.14,2.14,2.14
2026-07-11T15:16:39.971Z,1.00,1.00,0,2.05,2.05,2.05,2.05,2.05
2026-07-11T15:16:40.971Z,1.00,1.00,0,2.07,2.07,2.07,2.07,2.07
2026-07-11T15:16:41.971Z,1.00,1.00,0,2.25,2.25,2.25,2.25,2.25
2026-07-11T15:16:42.971Z,1.00,1.00,0,1.84,1.84,1.84,1.84,1.84
2026-07-11T15:16:43.971Z,1.00,1.00,0,2.52,2.52,2.52,2.52,2.52
2026-07-11T15:16:44.971Z,1.00,1.00,0,2.19,2.19,2.19,2.19,2.19
2026-07-11T15:16:45.971Z,1.00,1.00,0,2.11,2.11,2.11,2.11,2.11
2026-07-11T15:16:46.971Z,1.00,1.00,0,2.37,2.37,2.37,2.37,2.37
2026-07-11T15:16:47.971Z,1.00,1.00,0,2.18,2.18,2.18,2.18,2.18
2026-07-11T15:16:48.971Z,1.00,1.00,0,2.41,2.41,2.41,2.41,2.41
2026-07-11T15:16:49.971Z,1.00,1.00,0,2.23,2.23,2.23,2.23,2.23
2026-07-11T15:16:50.971Z,1.00,1.00,0,2.16,2.16,2.16,2.16,2.16
2026-07-11T15:16:51.971Z,1.00,1.00,0,7.55,7.55,7.55,7.55,7.55
2026-07-11T15:16:52.971Z,1.00,1.00,0,2.37,2.37,2.37,2.37,2.37
2026-07-11T15:16:53.971Z,1.00,1.00,0,7.75,7.75,7.75,7.75,7.75
2026-07-11T15:16:54.971Z,1.00,0.00,0,0.00,0.00,0.00,0.00,0.00
2026-07-11T15:16:55.971Z,1.00,1.00,0,4.04,4.04,4.04,4.04,4.04
2026-07-11T15:16:56.971Z,1.00,0.00,0,0.00,0.00,0.00,0.00,0.00
2026-07-11T15:16:57.971Z,1.00,1.00,0,8.40,8.40,8.40,8.40,8.40
2026-07-11T15:16:58.971Z,1.00,1.00,0,9.33,9.33,9.33,9.33,9.33
2026-07-11T15:16:59.971Z,1.00,2.00,0,10.40,5652.48,5652.48,5652.48,5652.48
2026-07-11T15:17:00.971Z,1.00,2.00,0,1.60,4456.45,4456.45,4456.45,4456.45
2026-07-11T15:17:01.971Z,1.00,1.00,0,2.11,2.11,2.11,2.11,2.11
2026-07-11T15:17:02.971Z,1.00,1.00,0,7.91,7.91,7.91,7.91,7.91
2026-07-11T15:17:03.971Z,1.00,1.00,0,8.98,8.98,8.98,8.98,8.98
2026-07-11T15:17:04.971Z,1.00,1.00,0,2.46,2.46,2.46,2.46,2.46
2026-07-11T15:17:05.971Z,1.00,1.00,0,2.46,2.46,2.46,2.46,2.46
2026-07-11T15:17:06.971Z,1.00,1.00,0,2.44,2.44,2.44,2.44,2.44
2026-07-11T15:17:07.971Z,1.00,1.00,0,2.22,2.22,2.22,2.22,2.22
2026-07-11T15:17:08.971Z,1.00,1.00,0,8.21,8.21,8.21,8.21,8.21
2026-07-11T15:17:09.971Z,1.00,1.00,0,2.27,2.27,2.27,2.27,2.27
2026-07-11T15:17:10.971Z,1.00,1.00,0,3.29,3.29,3.29,3.29,3.29
2026-07-11T15:17:11.971Z,1.00,1.00,0,2.49,2.49,2.49,2.49,2.49
2026-07-11T15:17:12.971Z,1.00,0.00,0,0.00,0.00,0.00,0.00,0.00
2026-07-11T15:17:13.971Z,1.00,2.00,0,11.47,1888.26,1888.26,1888.26,1888.26
2026-07-11T15:17:14.971Z,1.00,1.00,0,2.26,2.26,2.26,2.26,2.26
2026-07-11T15:17:15.971Z,1.00,1.00,0,4.12,4.12,4.12,4.12,4.12
2026-07-11T15:17:16.971Z,1.00,0.00,0,0.00,0.00,0.00,0.00,0.00
2026-07-11T15:17:17.971Z,1.00,2.00,0,2.57,1631.23,1631.23,1631.23,1631.23
2026-07-11T15:17:18.971Z,0.00,0.00,0,5.86,5.86,5.86,5.86,5.86
2026-07-11T15:17:19.971Z,1.00,1.00,0,2.43,2.43,2.43,2.43,2.43
2026-07-11T15:17:20.971Z,1.00,1.00,0,2.21,2.21,2.21,2.21,2.21
2026-07-11T15:17:21.971Z,1.00,1.00,0,2.17,2.17,2.17,2.17,2.17
2026-07-11T15:17:22.971Z,1.00,1.00,0,2.37,2.37,2.37,2.37,2.37
2026-07-11T15:17:23.971Z,1.00,1.00,0,5.25,5.25,5.25,5.25,5.25
2026-07-11T15:17:24.971Z,1.00,0.00,0,0.00,0.00,0.00,0.00,0.00
2026-07-11T15:17:25.971Z,1.00,1.00,0,8.38,8.38,8.38,8.38,8.38
2026-07-11T15:17:26.971Z,1.00,1.00,0,12.39,12.39,12.39,12.39,12.39
2026-07-11T15:17:27.971Z,1.00,2.00,0,7.33,3848.19,3848.19,3848.19,3848.19
2026-07-11T15:17:28.971Z,1.00,1.00,0,1.55,1.55,1.55,1.55,1.55
2026-07-11T15:17:29.971Z,1.00,1.00,0,2.50,2.50,2.50,2.50,2.50
2026-07-11T15:17:30.971Z,1.00,1.00,0,2.04,2.04,2.04,2.04,2.04
2026-07-11T15:17:31.971Z,1.00,1.00,0,5.58,5.58,5.58,5.58,5.58
2026-07-11T15:17:32.971Z,1.00,1.00,0,6.40,6.40,6.40,6.40,6.40
2026-07-11T15:17:33.971Z,1.00,1.00,0,2.19,2.19,2.19,2.19,2.19
2026-07-11T15:17:34.971Z,1.00,1.00,0,2.28,2.28,2.28,2.28,2.28
2026-07-11T15:17:35.971Z,1.00,1.00,0,2.26,2.26,2.26,2.26,2.26
2026-07-11T15:17:36.971Z,1.00,1.00,0,2.40,2.40,2.40,2.40,2.40
2026-07-11T15:17:37.971Z,1.00,1.00,0,5.14,5.14,5.14,5.14,5.14
2026-07-11T15:17:38.971Z,1.00,1.00,0,457.47,457.47,457.47,457.47,457.47
2026-07-11T15:17:39.971Z,1.00,1.00,0,5.97,5.97,5.97,5.97,5.97
2026-07-11T15:17:40.971Z,1.00,1.00,0,6.84,6.84,6.84,6.84,6.84
2026-07-11T15:17:41.971Z,1.00,1.00,0,2.90,2.90,2.90,2.90,2.90
2026-07-11T15:17:42.971Z,1.00,1.00,0,5.66,5.66,5.66,5.66,5.66
2026-07-11T15:17:43.971Z,1.00,1.00,0,3.41,3.41,3.41,3.41,3.41
2026-07-11T15:17:44.971Z,1.00,1.00,0,1.79,1.79,1.79,1.79,1.79
2026-07-11T15:17:45.971Z,1.00,1.00,0,2.00,2.00,2.00,2.00,2.00
2026-07-11T15:17:46.971Z,1.00,1.00,0,2.57,2.57,2.57,2.57,2.57
2026-07-11T15:17:47.971Z,1.00,1.00,0,2.33,2.33,2.33,2.33,2.33
2026-07-11T15:17:48.971Z,1.00,1.00,0,2.44,2.44,2.44,2.44,2.44
2026-07-11T15:17:49.971Z,1.00,1.00,0,2.28,2.28,2.28,2.28,2.28
2026-07-11T15:17:50.971Z,1.00,1.00,0,3.02,3.02,3.02,3.02,3.02
2026-07-11T15:17:51.971Z,1.00,1.00,0,2.50,2.50,2.50,2.50,2.50
2026-07-11T15:17:52.971Z,1.00,1.00,0,2.61,2.61,2.61,2.61,2.61
2026-07-11T15:17:53.971Z,1.00,1.00,0,2.16,2.16,2.16,2.16,2.16
2026-07-11T15:17:54.971Z,1.00,1.00,0,2.17,2.17,2.17,2.17,2.17
2026-07-11T15:17:55.971Z,1.00,1.00,0,2.16,2.16,2.16,2.16,2.16
2026-07-11T15:17:56.971Z,1.00,1.00,0,2.41,2.41,2.41,2.41,2.41
2026-07-11T15:17:57.971Z,1.00,1.00,0,3.32,3.32,3.32,3.32,3.32
2026-07-11T15:17:58.971Z,1.00,1.00,0,2.29,2.29,2.29,2.29,2.29
2026-07-11T15:17:59.971Z,1.00,1.00,0,2.11,2.11,2.11,2.11,2.11
2026-07-11T15:18:00.971Z,1.00,1.00,0,2.16,2.16,2.16,2.16,2.16
2026-07-11T15:18:01.971Z,1.00,1.00,0,6.40,6.40,6.40,6.40,6.40
2026-07-11T15:18:02.971Z,1.00,1.00,0,2.12,2.12,2.12,2.12,2.12
2026-07-11T15:18:03.971Z,1.00,1.00,0,2.16,2.16,2.16,2.16,2.16
2026-07-11T15:18:04.971Z,1.00,1.00,0,7.00,7.00,7.00,7.00,7.00
2026-07-11T15:18:05.971Z,1.00,1.00,0,2.45,2.45,2.45,2.45,2.45
2026-07-11T15:18:06.971Z,1.00,1.00,0,2.35,2.35,2.35,2.35,2.35
2026-07-11T15:18:07.971Z,1.00,1.00,0,2.11,2.11,2.11,2.11,2.11
2026-07-11T15:18:08.971Z,1.00,1.00,0,2.20,2.20,2.20,2.20,2.20
2026-07-11T15:18:09.971Z,1.00,1.00,0,2.01,2.01,2.01,2.01,2.01
2026-07-11T15:18:10.971Z,1.00,1.00,0,6.85,6.85,6.85,6.85,6.85
2026-07-11T15:18:11.971Z,1.00,1.00,0,1.81,1.81,1.81,1.81,1.81
2026-07-11T15:18:12.971Z,1.00,1.00,0,2.11,2.11,2.11,2.11,2.11
2026-07-11T15:18:13.971Z,1.00,1.00,0,6.16,6.16,6.16,6.16,6.16
2026-07-11T15:18:14.971Z,1.00,1.00,0,2.66,2.66,2.66,2.66,2.66
2026-07-11T15:18:15.971Z,1.00,1.00,0,6.98,6.98,6.98,6.98,6.98
2026-07-11T15:18:16.971Z,1.00,1.00,0,2.28,2.28,2.28,2.28,2.28
2026-07-11T15:18:17.971Z,1.00,1.00,0,8.72,8.72,8.72,8.72,8.72
2026-07-11T15:18:18.971Z,1.00,1.00,0,2.15,2.15,2.15,2.15,2.15
2026-07-11T15:18:19.971Z,1.00,1.00,0,2.01,2.01,2.01,2.01,2.01
2026-07-11T15:18:20.971Z,1.00,1.00,0,8.96,8.96,8.96,8.96,8.96
2026-07-11T15:18:21.971Z,1.00,1.00,0,1.97,1.97,1.97,1.97,1.97
2026-07-11T15:18:22.971Z,1.00,1.00,0,2.19,2.19,2.19,2.19,2.19
2026-07-11T15:18:23.971Z,1.00,1.00,0,1.98,1.98,1.98,1.98,1.98
2026-07-11T15:18:24.971Z,1.00,1.00,0,5.97,5.97,5.97,5.97,5.97
2026-07-11T15:18:25.971Z,1.00,1.00,0,3.06,3.06,3.06,3.06,3.06
2026-07-11T15:18:26.971Z,1.00,1.00,0,2.03,2.03,2.03,2.03,2.03
2026-07-11T15:18:27.971Z,1.00,1.00,0,6.22,6.22,6.22,6.22,6.22
2026-07-11T15:18:28.971Z,1.00,1.00,0,1.99,1.99,1.99,1.99,1.99
2026-07-11T15:18:29.971Z,1.00,1.00,0,1.95,1.95,1.95,1.95,1.95
2026-07-11T15:18:30.971Z,1.00,1.00,0,1.98,1.98,1.98,1.98,1.98
2026-07-11T15:18:31.971Z,1.00,1.00,0,7.01,7.01,7.01,7.01,7.01
2026-07-11T15:18:32.971Z,1.00,0.00,0,0.00,0.00,0.00,0.00,0.00
2026-07-11T15:18:33.971Z,1.00,2.00,0,8.52,1910.78,1910.78,1910.78,1910.78
2026-07-11T15:18:34.971Z,1.00,1.00,0,1.50,1.50,1.50,1.50,1.50
2026-07-11T15:18:35.971Z,1.00,1.00,0,1.90,1.90,1.90,1.90,1.90
2026-07-11T15:18:36.971Z,1.00,1.00,0,8.88,8.88,8.88,8.88,8.88
2026-07-11T15:18:37.971Z,1.00,1.00,0,5.98,5.98,5.98,5.98,5.98
2026-07-11T15:18:38.971Z,1.00,1.00,0,14.86,14.86,14.86,14.86,14.86
2026-07-11T15:18:39.971Z,1.00,0.00,0,0.00,0.00,0.00,0.00,0.00
2026-07-11T15:18:40.971Z,1.00,0.00,0,0.00,0.00,0.00,0.00,0.00
2026-07-11T15:18:41.971Z,1.00,1.00,0,2.16,2.16,2.16,2.16,2.16
2026-07-11T15:18:42.971Z,1.00,1.00,0,10.56,10.56,10.56,10.56,10.56
2026-07-11T15:18:43.971Z,1.00,1.00,0,5.11,5.11,5.11,5.11,5.11
2026-07-11T15:18:44.971Z,1.00,0.00,0,0.00,0.00,0.00,0.00,0.00
2026-07-11T15:18:45.971Z,1.00,1.00,0,7.24,7.24,7.24,7.24,7.24
2026-07-11T15:18:46.971Z,1.00,2.00,0,4.21,7622.66,7622.66,7622.66,7622.66
2026-07-11T15:18:47.971Z,1.00,2.00,0,2.10,3835.90,3835.90,3835.90,3835.90
2026-07-11T15:18:48.971Z,1.00,1.00,0,6.12,6.12,6.12,6.12,6.12
2026-07-11T15:18:49.971Z,1.00,1.00,0,2.02,2.02,2.02,2.02,2.02
2026-07-11T15:18:50.971Z,1.00,2.00,0,7.76,10780.67,10780.67,10780.67,10780.67
2026-07-11T15:18:51.971Z,1.00,1.00,0,1.99,1.99,1.99,1.99,1.99
2026-07-11T15:18:52.971Z,1.00,1.00,0,1.93,1.93,1.93,1.93,1.93
2026-07-11T15:18:53.971Z,1.00,1.00,0,5.30,5.30,5.30,5.30,5.30
2026-07-11T15:18:54.971Z,1.00,1.00,0,6.91,6.91,6.91,6.91,6.91
2026-07-11T15:18:55.971Z,1.00,1.00,0,2.01,2.01,2.01,2.01,2.01
2026-07-11T15:18:56.971Z,1.00,1.00,0,1.97,1.97,1.97,1.97,1.97
2026-07-11T15:18:57.971Z,1.00,1.00,0,1.68,1.68,1.68,1.68,1.68
2026-07-11T15:18:58.971Z,1.00,1.00,0,6.30,6.30,6.30,6.30,6.30
2026-07-11T15:18:59.971Z,1.00,1.00,0,1.95,1.95,1.95,1.95,1.95
2026-07-11T15:19:00.971Z,1.00,1.00,0,1.98,1.98,1.98,1.98,1.98
2026-07-11T15:19:01.971Z,1.00,1.00,0,1.94,1.94,1.94,1.94,1.94
2026-07-11T15:19:02.971Z,1.00,1.00,0,2.13,2.13,2.13,2.13,2.13
2026-07-11T15:19:03.971Z,1.00,1.00,0,2.18,2.18,2.18,2.18,2.18
2026-07-11T15:19:04.971Z,1.00,1.00,0,7.02,7.02,7.02,7.02,7.02
2026-07-11T15:19:05.971Z,1.00,1.00,0,1.95,1.95,1.95,1.95,1.95
2026-07-11T15:19:06.971Z,1.00,1.00,0,2.12,2.12,2.12,2.12,2.12
2026-07-11T15:19:07.971Z,1.00,1.00,0,2.10,2.10,2.10,2.10,2.10
2026-07-11T15:19:08.971Z,1.00,1.00,0,7.29,7.29,7.29,7.29,7.29
2026-07-11T15:19:09.971Z,1.00,1.00,0,1.81,1.81,1.81,1.81,1.81
2026-07-11T15:19:10.971Z,1.00,1.00,0,7.26,7.26,7.26,7.26,7.26
2026-07-11T15:19:11.971Z,1.00,1.00,0,8.84,8.84,8.84,8.84,8.84
2026-07-11T15:19:12.971Z,1.00,1.00,0,2.11,2.11,2.11,2.11,2.11
2026-07-11T15:19:13.971Z,1.00,1.00,0,1.95,1.95,1.95,1.95,1.95
2026-07-11T15:19:14.971Z,1.00,1.00,0,2.03,2.03,2.03,2.03,2.03
2026-07-11T15:19:15.971Z,1.00,1.00,0,3.86,3.86,3.86,3.86,3.86
2026-07-11T15:19:16.971Z,1.00,0.00,0,0.00,0.00,0.00,0.00,0.00
2026-07-11T15:19:17.971Z,1.00,1.00,0,125.76,125.76,125.76,125.76,125.76
2026-07-11T15:19:18.971Z,1.00,1.00,0,2138.11,2138.11,2138.11,2138.11,2138.11
2026-07-11T15:19:19.971Z,1.00,2.00,0,2.29,1935.36,1935.36,1935.36,1935.36
2026-07-11T15:19:20.971Z,1.00,1.00,0,1.73,1.73,1.73,1.73,1.73
2026-07-11T15:19:21.971Z,1.00,1.00,0,2.22,2.22,2.22,2.22,2.22
2026-07-11T15:19:22.971Z,1.00,1.00,0,7.29,7.29,7.29,7.29,7.29
2026-07-11T15:19:23.971Z,1.00,1.00,0,2.23,2.23,2.23,2.23,2.23
2026-07-11T15:19:24.971Z,1.00,1.00,0,8.12,8.12,8.12,8.12,8.12
2026-07-11T15:19:25.971Z,1.00,0.00,0,0.00,0.00,0.00,0.00,0.00
2026-07-11T15:19:26.971Z,1.00,1.00,0,10.44,10.44,10.44,10.44,10.44
2026-07-11T15:19:27.971Z,1.00,1.00,0,2.38,2.38,2.38,2.38,2.38
2026-07-11T15:19:28.971Z,1.00,1.00,0,40.93,40.93,40.93,40.93,40.93
2026-07-11T15:19:29.971Z,1.00,2.00,0,2.01,4018.18,4018.18,4018.18,4018.18
2026-07-11T15:19:30.971Z,1.00,1.00,0,2.38,2.38,2.38,2.38,2.38
2026-07-11T15:19:31.971Z,1.00,1.00,0,2.22,2.22,2.22,2.22,2.22
2026-07-11T15:19:32.971Z,1.00,1.00,0,2.26,2.26,2.26,2.26,2.26
2026-07-11T15:19:33.971Z,1.00,1.00,0,2.15,2.15,2.15,2.15,2.15
2026-07-11T15:19:34.971Z,1.00,1.00,0,2.94,2.94,2.94,2.94,2.94
2026-07-11T15:19:35.971Z,1.00,1.00,0,2.03,2.03,2.03,2.03,2.03
2026-07-11T15:19:36.971Z,1.00,1.00,0,2.13,2.13,2.13,2.13,2.13
2026-07-11T15:19:37.971Z,1.00,1.00,0,2.13,2.13,2.13,2.13,2.13
2026-07-11T15:19:38.971Z,1.00,1.00,0,2.16,2.16,2.16,2.16,2.16
2026-07-11T15:19:39.971Z,1.00,1.00,0,2.07,2.07,2.07,2.07,2.07
2026-07-11T15:19:40.971Z,1.00,1.00,0,2.21,2.21,2.21,2.21,2.21
2026-07-11T15:19:41.971Z,1.00,1.00,0,2.15,2.15,2.15,2.15,2.15
2026-07-11T15:19:42.971Z,1.00,1.00,0,5.98,5.98,5.98,5.98,5.98
2026-07-11T15:19:43.971Z,1.00,1.00,0,8.34,8.34,8.34,8.34,8.34
2026-07-11T15:19:44.971Z,1.00,1.00,0,2.47,2.47,2.47,2.47,2.47
2026-07-11T15:19:45.971Z,1.00,1.00,0,5.67,5.67,5.67,5.67,5.67
2026-07-11T15:19:46.971Z,1.00,1.00,0,3.00,3.00,3.00,3.00,3.00
2026-07-11T15:19:47.971Z,1.00,1.00,0,2.26,2.26,2.26,2.26,2.26
2026-07-11T15:19:48.971Z,1.00,1.00,0,2.08,2.08,2.08,2.08,2.08
2026-07-11T15:19:49.971Z,1.00,1.00,0,2.16,2.16,2.16,2.16,2.16
2026-07-11T15:19:50.971Z,1.00,1.00,0,2.14,2.14,2.14,2.14,2.14
2026-07-11T15:19:51.971Z,1.00,1.00,0,2.12,2.12,2.12,2.12,2.12
2026-07-11T15:19:52.971Z,1.00,1.00,0,2.05,2.05,2.05,2.05,2.05
2026-07-11T15:19:53.971Z,1.00,1.00,0,2.15,2.15,2.15,2.15,2.15
2026-07-11T15:19:54.971Z,1.00,1.00,0,6.74,6.74,6.74,6.74,6.74
2026-07-11T15:19:55.971Z,1.00,1.00,0,7.60,7.60,7.60,7.60,7.60
2026-07-11T15:19:56.971Z,1.00,1.00,0,2.37,2.37,2.37,2.37,2.37
2026-07-11T15:19:57.971Z,1.00,1.00,0,2.25,2.25,2.25,2.25,2.25
2026-07-11T15:19:58.971Z,1.00,1.00,0,6.82,6.82,6.82,6.82,6.82
2026-07-11T15:19:59.971Z,1.00,1.00,0,2.34,2.34,2.34,2.34,2.34
2026-07-11T15:20:00.971Z,1.00,1.00,0,1.95,1.95,1.95,1.95,1.95
2026-07-11T15:20:01.971Z,1.00,1.00,0,8.10,8.10,8.10,8.10,8.10
2026-07-11T15:20:02.971Z,1.00,1.00,0,1.98,1.98,1.98,1.98,1.98
2026-07-11T15:20:03.971Z,1.00,1.00,0,1.86,1.86,1.86,1.86,1.86
2026-07-11T15:20:04.971Z,1.00,1.00,0,2.11,2.11,2.11,2.11,2.11
2026-07-11T15:20:05.971Z,1.00,1.00,0,2.15,2.15,2.15,2.15,2.15
2026-07-11T15:20:06.971Z,1.00,1.00,0,2.18,2.18,2.18,2.18,2.18
2026-07-11T15:20:07.971Z,1.00,1.00,0,2.31,2.31,2.31,2.31,2.31
2026-07-11T15:20:08.971Z,1.00,1.00,0,7.14,7.14,7.14,7.14,7.14
2026-07-11T15:20:09.971Z,1.00,1.00,0,2.28,2.28,2.28,2.28,2.28
2026-07-11T15:20:10.971Z,1.00,1.00,0,1.95,1.95,1.95,1.95,1.95
2026-07-11T15:20:11.971Z,1.00,1.00,0,2.08,2.08,2.08,2.08,2.08
2026-07-11T15:20:12.971Z,1.00,1.00,0,2.58,2.58,2.58,2.58,2.58
2026-07-11T15:20:13.971Z,1.00,1.00,0,2.22,2.22,2.22,2.22,2.22
2026-07-11T15:20:14.971Z,1.00,1.00,0,2.28,2.28,2.28,2.28,2.28
2026-07-11T15:20:15.971Z,1.00,1.00,0,4.90,4.90,4.90,4.90,4.90
2026-07-11T15:20:16.971Z,1.00,1.00,0,6.35,6.35,6.35,6.35,6.35
2026-07-11T15:20:17.971Z,1.00,1.00,0,2.31,2.31,2.31,2.31,2.31
2026-07-11T15:20:18.971Z,1.00,1.00,0,2.18,2.18,2.18,2.18,2.18
2026-07-11T15:20:19.971Z,1.00,1.00,0,6.00,6.00,6.00,6.00,6.00
2026-07-11T15:20:20.971Z,1.00,1.00,0,572.42,572.42,572.42,572.42,572.42
2026-07-11T15:20:21.971Z,1.00,1.00,0,1.44,1.44,1.44,1.44,1.44
2026-07-11T15:20:22.971Z,1.00,1.00,0,6.41,6.41,6.41,6.41,6.41
2026-07-11T15:20:23.971Z,1.00,1.00,0,1.97,1.97,1.97,1.97,1.97
2026-07-11T15:20:24.971Z,1.00,1.00,0,1.87,1.87,1.87,1.87,1.87
2026-07-11T15:20:25.971Z,1.00,1.00,0,1.89,1.89,1.89,1.89,1.89
2026-07-11T15:20:26.971Z,1.00,1.00,0,1.97,1.97,1.97,1.97,1.97
2026-07-11T15:20:27.971Z,1.00,1.00,0,1.89,1.89,1.89,1.89,1.89
2026-07-11T15:20:28.971Z,1.00,1.00,0,1.83,1.83,1.83,1.83,1.83
2026-07-11T15:20:29.971Z,1.00,1.00,0,2.17,2.17,2.17,2.17,2.17
2026-07-11T15:20:30.971Z,1.00,1.00,0,1.88,1.88,1.88,1.88,1.88
2026-07-11T15:20:31.971Z,1.00,1.00,0,1.86,1.86,1.86,1.86,1.86
2026-07-11T15:20:32.971Z,1.00,1.00,0,2.11,2.11,2.11,2.11,2.11
2026-07-11T15:20:33.971Z,1.00,1.00,0,1.90,1.90,1.90,1.90,1.90
2026-07-11T15:20:34.971Z,1.00,1.00,0,7.10,7.10,7.10,7.10,7.10
2026-07-11T15:20:35.971Z,1.00,1.00,0,2.14,2.14,2.14,2.14,2.14
2026-07-11T15:20:36.971Z,1.00,1.00,0,2.20,2.20,2.20,2.20,2.20
2026-07-11T15:20:37.971Z,1.00,1.00,0,1.86,1.86,1.86,1.86,1.86
2026-07-11T15:20:38.971Z,1.00,1.00,0,7.86,7.86,7.86,7.86,7.86
2026-07-11T15:20:39.971Z,1.00,1.00,0,2.38,2.38,2.38,2.38,2.38
2026-07-11T15:20:40.971Z,1.00,1.00,0,2.13,2.13,2.13,2.13,2.13
2026-07-11T15:20:41.971Z,1.00,1.00,0,2.06,2.06,2.06,2.06,2.06
2026-07-11T15:20:42.971Z,1.00,1.00,0,2.09,2.09,2.09,2.09,2.09
2026-07-11T15:20:43.971Z,1.00,1.00,0,2.10,2.10,2.10,2.10,2.10
2026-07-11T15:20:44.971Z,1.00,1.00,0,2.38,2.38,2.38,2.38,2.38
2026-07-11T15:20:45.971Z,1.00,1.00,0,10.38,10.38,10.38,10.38,10.38
2026-07-11T15:20:46.971Z,1.00,1.00,0,2.55,2.55,2.55,2.55,2.55
2026-07-11T15:20:47.971Z,1.00,1.00,0,6.82,6.82,6.82,6.82,6.82
2026-07-11T15:20:48.971Z,1.00,1.00,0,2.50,2.50,2.50,2.50,2.50
2026-07-11T15:20:49.971Z,1.00,1.00,0,2.22,2.22,2.22,2.22,2.22
2026-07-11T15:20:50.971Z,1.00,1.00,0,2.01,2.01,2.01,2.01,2.01
2026-07-11T15:20:51.971Z,1.00,1.00,0,1.98,1.98,1.98,1.98,1.98
2026-07-11T15:20:52.971Z,1.00,1.00,0,1.91,1.91,1.91,1.91,1.91
2026-07-11T15:20:53.971Z,1.00,1.00,0,1.96,1.96,1.96,1.96,1.96
2026-07-11T15:20:54.971Z,1.00,1.00,0,2.05,2.05,2.05,2.05,2.05
2026-07-11T15:20:55.971Z,1.00,1.00,0,2.38,2.38,2.38,2.38,2.38
2026-07-11T15:20:56.971Z,1.00,1.00,0,2.05,2.05,2.05,2.05,2.05
2026-07-11T15:20:57.971Z,1.00,1.00,0,1.78,1.78,1.78,1.78,1.78
2026-07-11T15:20:58.971Z,1.00,1.00,0,2.10,2.10,2.10,2.10,2.10
2026-07-11T15:20:59.971Z,1.00,1.00,0,2.16,2.16,2.16,2.16,2.16
2026-07-11T15:21:00.971Z,1.00,1.00,0,1.90,1.90,1.90,1.90,1.90
2026-07-11T15:21:01.971Z,1.00,1.00,0,1.89,1.89,1.89,1.89,1.89
2026-07-11T15:21:02.971Z,1.00,1.00,0,2.06,2.06,2.06,2.06,2.06
2026-07-11T15:21:03.971Z,1.00,1.00,0,1.85,1.85,1.85,1.85,1.85
2026-07-11T15:21:04.971Z,1.00,1.00,0,1.92,1.92,1.92,1.92,1.92
2026-07-11T15:21:05.971Z,1.00,1.00,0,1.90,1.90,1.90,1.90,1.90
2026-07-11T15:21:06.971Z,1.00,1.00,0,1.92,1.92,1.92,1.92,1.92
2026-07-11T15:21:07.971Z,1.00,1.00,0,7.73,7.73,7.73,7.73,7.73
2026-07-11T15:21:08.971Z,1.00,0.00,0,0.00,0.00,0.00,0.00,0.00
2026-07-11T15:21:09.971Z,1.00,2.00,0,2.26,1898.50,1898.50,1898.50,1898.50
2026-07-11T15:21:10.971Z,1.00,1.00,0,1.54,1.54,1.54,1.54,1.54
2026-07-11T15:21:11.971Z,1.00,1.00,0,1.95,1.95,1.95,1.95,1.95
2026-07-11T15:21:12.971Z,1.00,1.00,0,2.09,2.09,2.09,2.09,2.09
2026-07-11T15:21:13.971Z,1.00,1.00,0,2.30,2.30,2.30,2.30,2.30
2026-07-11T15:21:14.971Z,1.00,1.00,0,7.51,7.51,7.51,7.51,7.51
2026-07-11T15:21:15.971Z,1.00,1.00,0,5.88,5.88,5.88,5.88,5.88
2026-07-11T15:21:16.971Z,1.00,1.00,0,2.04,2.04,2.04,2.04,2.04
2026-07-11T15:21:17.971Z,1.00,1.00,0,2.00,2.00,2.00,2.00,2.00
2026-07-11T15:21:18.971Z,1.00,1.00,0,2.23,2.23,2.23,2.23,2.23
2026-07-11T15:21:19.971Z,1.00,1.00,0,2.00,2.00,2.00,2.00,2.00
2026-07-11T15:21:20.971Z,1.00,1.00,0,2.48,2.48,2.48,2.48,2.48
2026-07-11T15:21:21.971Z,1.00,1.00,0,2.92,2.92,2.92,2.92,2.92
2026-07-11T15:21:22.971Z,1.00,0.00,0,0.00,0.00,0.00,0.00,0.00
2026-07-11T15:21:23.971Z,1.00,2.00,0,2.46,1460.22,1460.22,1460.22,1460.22
2026-07-11T15:21:24.971Z,1.00,1.00,0,2.20,2.20,2.20,2.20,2.20
2026-07-11T15:21:25.971Z,1.00,1.00,0,2.15,2.15,2.15,2.15,2.15
2026-07-11T15:21:26.971Z,1.00,1.00,0,2.53,2.53,2.53,2.53,2.53
2026-07-11T15:21:27.971Z,1.00,1.00,0,2.33,2.33,2.33,2.33,2.33
2026-07-11T15:21:28.971Z,1.00,1.00,0,2.23,2.23,2.23,2.23,2.23
2026-07-11T15:21:29.971Z,1.00,1.00,0,2.00,2.00,2.00,2.00,2.00
2026-07-11T15:21:30.971Z,1.00,1.00,0,2.07,2.07,2.07,2.07,2.07
2026-07-11T15:21:31.971Z,1.00,1.00,0,2.10,2.10,2.10,2.10,2.10
2026-07-11T15:21:32.971Z,1.00,1.00,0,2.27,2.27,2.27,2.27,2.27
2026-07-11T15:21:33.971Z,1.00,1.00,0,6.64,6.64,6.64,6.64,6.64
2026-07-11T15:21:34.971Z,1.00,1.00,0,2.23,2.23,2.23,2.23,2.23
2026-07-11T15:21:35.971Z,1.00,1.00,0,4.90,4.90,4.90,4.90,4.90
2026-07-11T15:21:36.971Z,1.00,1.00,0,2.21,2.21,2.21,2.21,2.21
2026-07-11T15:21:37.971Z,1.00,1.00,0,2.04,2.04,2.04,2.04,2.04
2026-07-11T15:21:38.971Z,1.00,1.00,0,2.05,2.05,2.05,2.05,2.05
2026-07-11T15:21:39.971Z,1.00,1.00,0,7.47,7.47,7.47,7.47,7.47
2026-07-11T15:21:40.971Z,1.00,1.00,0,1.92,1.92,1.92,1.92,1.92
2026-07-11T15:21:41.971Z,1.00,1.00,0,2.78,2.78,2.78,2.78,2.78
2026-07-11T15:21:42.971Z,1.00,1.00,0,1.95,1.95,1.95,1.95,1.95
2026-07-11T15:21:43.971Z,1.00,1.00,0,2.00,2.00,2.00,2.00,2.00
2026-07-11T15:21:44.971Z,1.00,1.00,0,1.99,1.99,1.99,1.99,1.99
2026-07-11T15:21:45.971Z,1.00,1.00,0,1.97,1.97,1.97,1.97,1.97
2026-07-11T15:21:46.971Z,1.00,1.00,0,2.66,2.66,2.66,2.66,2.66
2026-07-11T15:21:47.971Z,1.00,1.00,0,7.32,7.32,7.32,7.32,7.32
2026-07-11T15:21:48.971Z,1.00,1.00,0,2.26,2.26,2.26,2.26,2.26
2026-07-11T15:21:49.971Z,1.00,0.00,0,0.00,0.00,0.00,0.00,0.00
2026-07-11T15:21:50.971Z,1.00,1.00,0,5.06,5.06,5.06,5.06,5.06
2026-07-11T15:21:51.971Z,1.00,1.00,0,7.99,7.99,7.99,7.99,7.99
2026-07-11T15:21:52.971Z,1.00,1.00,0,14.26,14.26,14.26,14.26,14.26
2026-07-11T15:21:53.971Z,1.00,2.00,0,2.33,4235.26,4235.26,4235.26,4235.26
2026-07-11T15:21:54.971Z,1.00,0.00,0,0.00,0.00,0.00,0.00,0.00
2026-07-11T15:21:55.971Z,1.00,2.00,0,2.18,1001.47,1001.47,1001.47,1001.47
2026-07-11T15:21:56.971Z,1.00,1.00,0,2.00,2.00,2.00,2.00,2.00
2026-07-11T15:21:57.971Z,1.00,1.00,0,5.48,5.48,5.48,5.48,5.48
2026-07-11T15:21:58.971Z,1.00,1.00,0,1.83,1.83,1.83,1.83,1.83
2026-07-11T15:21:59.971Z,1.00,1.00,0,1.50,1.50,1.50,1.50,1.50
2026-07-11T15:22:00.971Z,1.00,1.00,0,7.10,7.10,7.10,7.10,7.10
2026-07-11T15:22:01.971Z,1.00,1.00,0,8.17,8.17,8.17,8.17,8.17
2026-07-11T15:22:02.971Z,1.00,1.00,0,6.76,6.76,6.76,6.76,6.76
2026-07-11T15:22:03.971Z,1.00,1.00,0,1.93,1.93,1.93,1.93,1.93
2026-07-11T15:22:04.971Z,1.00,1.00,0,8.13,8.13,8.13,8.13,8.13
2026-07-11T15:22:05.971Z,1.00,1.00,0,1.82,1.82,1.82,1.82,1.82
2026-07-11T15:22:06.971Z,1.00,1.00,0,1.42,1.42,1.42,1.42,1.42
2026-07-11T15:22:07.971Z,1.00,1.00,0,1.80,1.80,1.80,1.80,1.80
2026-07-11T15:22:08.971Z,1.00,1.00,0,2.09,2.09,2.09,2.09,2.09
2026-07-11T15:22:09.971Z,1.00,1.00,0,2.03,2.03,2.03,2.03,2.03
2026-07-11T15:22:10.971Z,1.00,1.00,0,4.94,4.94,4.94,4.94,4.94
2026-07-11T15:22:11.971Z,1.00,1.00,0,1.99,1.99,1.99,1.99,1.99
2026-07-11T15:22:12.971Z,1.00,1.00,0,2.13,2.13,2.13,2.13,2.13
2026-07-11T15:22:13.971Z,1.00,1.00,0,7.56,7.56,7.56,7.56,7.56
2026-07-11T15:22:14.971Z,1.00,1.00,0,8.16,8.16,8.16,8.16,8.16
2026-07-11T15:22:15.971Z,1.00,1.00,0,2.01,2.01,2.01,2.01,2.01
2026-07-11T15:22:16.971Z,1.00,1.00,0,2.26,2.26,2.26,2.26,2.26
2026-07-11T15:22:17.971Z,1.00,1.00,0,2.00,2.00,2.00,2.00,2.00
2026-07-11T15:22:18.971Z,1.00,1.00,0,2.15,2.15,2.15,2.15,2.15
2026-07-11T15:22:19.971Z,1.00,1.00,0,7.84,7.84,7.84,7.84,7.84
2026-07-11T15:22:20.971Z,1.00,1.00,0,4.03,4.03,4.03,4.03,4.03
2026-07-11T15:22:21.971Z,1.00,1.00,0,1.86,1.86,1.86,1.86,1.86
2026-07-11T15:22:22.971Z,1.00,1.00,0,1.87,1.87,1.87,1.87,1.87
2026-07-11T15:22:23.971Z,1.00,1.00,0,2.25,2.25,2.25,2.25,2.25
2026-07-11T15:22:24.971Z,1.00,1.00,0,2.04,2.04,2.04,2.04,2.04
2026-07-11T15:22:25.971Z,1.00,1.00,0,4.98,4.98,4.98,4.98,4.98
2026-07-11T15:22:26.971Z,1.00,1.00,0,2.17,2.17,2.17,2.17,2.17
2026-07-11T15:22:27.971Z,1.00,1.00,0,2.04,2.04,2.04,2.04,2.04
2026-07-11T15:22:28.971Z,1.00,1.00,0,2.25,2.25,2.25,2.25,2.25
2026-07-11T15:22:29.971Z,1.00,1.00,0,2.08,2.08,2.08,2.08,2.08
2026-07-11T15:22:30.971Z,1.00,1.00,0,1.90,1.90,1.90,1.90,1.90
2026-07-11T15:22:31.971Z,1.00,1.00,0,7.39,7.39,7.39,7.39,7.39
2026-07-11T15:22:32.971Z,1.00,1.00,0,2.82,2.82,2.82,2.82,2.82
2026-07-11T15:22:33.971Z,1.00,1.00,0,1.94,1.94,1.94,1.94,1.94
2026-07-11T15:22:34.971Z,1.00,1.00,0,2.29,2.29,2.29,2.29,2.29
2026-07-11T15:22:35.971Z,1.00,1.00,0,7.82,7.82,7.82,7.82,7.82
2026-07-11T15:22:36.971Z,1.00,1.00,0,1.97,1.97,1.97,1.97,1.97
2026-07-11T15:22:37.971Z,1.00,1.00,0,3.91,3.91,3.91,3.91,3.91
2026-07-11T15:22:38.971Z,1.00,1.00,0,1.95,1.95,1.95,1.95,1.95
2026-07-11T15:22:39.971Z,1.00,1.00,0,1.90,1.90,1.90,1.90,1.90
2026-07-11T15:22:40.971Z,1.00,1.00,0,5.08,5.08,5.08,5.08,5.08
2026-07-11T15:22:41.971Z,1.00,1.00,0,6.56,6.56,6.56,6.56,6.56
2026-07-11T15:22:42.971Z,1.00,1.00,0,2.12,2.12,2.12,2.12,2.12
2026-07-11T15:22:43.971Z,1.00,1.00,0,1.98,1.98,1.98,1.98,1.98
2026-07-11T15:22:44.971Z,1.00,1.00,0,1.97,1.97,1.97,1.97,1.97
2026-07-11T15:22:45.971Z,1.00,1.00,0,1.83,1.83,1.83,1.83,1.83
2026-07-11T15:22:46.971Z,1.00,1.00,0,2.18,2.18,2.18,2.18,2.18
2026-07-11T15:22:47.971Z,1.00,1.00,0,2.23,2.23,2.23,2.23,2.23
2026-07-11T15:22:48.971Z,1.00,1.00,0,2.23,2.23,2.23,2.23,2.23
2026-07-11T15:22:49.971Z,1.00,1.00,0,8.32,8.32,8.32,8.32,8.32
2026-07-11T15:22:50.971Z,1.00,1.00,0,7.76,7.76,7.76,7.76,7.76
2026-07-11T15:22:51.971Z,1.00,1.00,0,2.25,2.25,2.25,2.25,2.25
2026-07-11T15:22:52.971Z,1.00,1.00,0,2.18,2.18,2.18,2.18,2.18
2026-07-11T15:22:53.971Z,1.00,1.00,0,1.99,1.99,1.99,1.99,1.99
2026-07-11T15:22:54.971Z,1.00,1.00,0,2.30,2.30,2.30,2.30,2.30
2026-07-11T15:22:55.971Z,1.00,1.00,0,6.45,6.45,6.45,6.45,6.45
2026-07-11T15:22:56.971Z,1.00,1.00,0,2.32,2.32,2.32,2.32,2.32
2026-07-11T15:22:57.971Z,1.00,1.00,0,2.44,2.44,2.44,2.44,2.44
2026-07-11T15:22:58.971Z,1.00,1.00,0,7.34,7.34,7.34,7.34,7.34
2026-07-11T15:22:59.971Z,1.00,1.00,0,2.16,2.16,2.16,2.16,2.16
2026-07-11T15:23:00.971Z,1.00,1.00,0,5.95,5.95,5.95,5.95,5.95
2026-07-11T15:23:01.971Z,1.00,1.00,0,2.12,2.12,2.12,2.12,2.12
2026-07-11T15:23:02.971Z,1.00,1.00,0,7.93,7.93,7.93,7.93,7.93
2026-07-11T15:23:03.971Z,1.00,1.00,0,2.30,2.30,2.30,2.30,2.30
2026-07-11T15:23:04.971Z,1.00,1.00,0,2.25,2.25,2.25,2.25,2.25
2026-07-11T15:23:05.971Z,1.00,1.00,0,2.39,2.39,2.39,2.39,2.39
2026-07-11T15:23:06.971Z,1.00,1.00,0,2.26,2.26,2.26,2.26,2.26
2026-07-11T15:23:07.971Z,1.00,1.00,0,8.34,8.34,8.34,8.34,8.34
2026-07-11T15:23:08.971Z,1.00,1.00,0,6.27,6.27,6.27,6.27,6.27
2026-07-11T15:23:09.971Z,1.00,1.00,0,2.09,2.09,2.09,2.09,2.09
2026-07-11T15:23:10.971Z,1.00,1.00,0,2.10,2.10,2.10,2.10,2.10
2026-07-11T15:23:11.971Z,1.00,1.00,0,1.80,1.80,1.80,1.80,1.80
2026-07-11T15:23:12.971Z,1.00,1.00,0,4.78,4.78,4.78,4.78,4.78
2026-07-11T15:23:13.971Z,1.00,1.00,0,7.14,7.14,7.14,7.14,7.14
2026-07-11T15:23:14.971Z,1.00,1.00,0,6.90,6.90,6.90,6.90,6.90
2026-07-11T15:23:15.971Z,1.00,1.00,0,9.58,9.58,9.58,9.58,9.58
2026-07-11T15:23:16.971Z,1.00,1.00,0,3.90,3.90,3.90,3.90,3.90
2026-07-11T15:23:17.971Z,1.00,0.00,0,0.00,0.00,0.00,0.00,0.00
2026-07-11T15:23:18.971Z,1.00,2.00,0,2.49,1591.30,1591.30,1591.30,1591.30
2026-07-11T15:23:19.971Z,1.00,1.00,0,1.44,1.44,1.44,1.44,1.44
2026-07-11T15:23:20.971Z,1.00,1.00,0,1.90,1.90,1.90,1.90,1.90
2026-07-11T15:23:21.971Z,1.00,1.00,0,2.08,2.08,2.08,2.08,2.08
2026-07-11T15:23:22.971Z,1.00,1.00,0,2.18,2.18,2.18,2.18,2.18
2026-07-11T15:23:23.971Z,1.00,1.00,0,2.37,2.37,2.37,2.37,2.37
2026-07-11T15:23:24.971Z,1.00,1.00,0,6.32,6.32,6.32,6.32,6.32
2026-07-11T15:23:25.971Z,1.00,1.00,0,2.16,2.16,2.16,2.16,2.16
2026-07-11T15:23:26.971Z,1.00,1.00,0,5.79,5.79,5.79,5.79,5.79
2026-07-11T15:23:27.971Z,1.00,1.00,0,4.84,4.84,4.84,4.84,4.84
2026-07-11T15:23:28.971Z,1.00,1.00,0,2.08,2.08,2.08,2.08,2.08
2026-07-11T15:23:29.971Z,1.00,1.00,0,2.07,2.07,2.07,2.07,2.07
2026-07-11T15:23:30.971Z,1.00,1.00,0,2.08,2.08,2.08,2.08,2.08
2026-07-11T15:23:31.971Z,1.00,1.00,0,2.25,2.25,2.25,2.25,2.25
2026-07-11T15:23:32.971Z,1.00,1.00,0,2.06,2.06,2.06,2.06,2.06
2026-07-11T15:23:33.971Z,1.00,1.00,0,2.14,2.14,2.14,2.14,2.14
2026-07-11T15:23:34.971Z,1.00,0.00,0,0.00,0.00,0.00,0.00,0.00
2026-07-11T15:23:35.971Z,1.00,1.00,0,8.03,8.03,8.03,8.03,8.03
2026-07-11T15:23:36.971Z,1.00,0.00,0,0.00,0.00,0.00,0.00,0.00
2026-07-11T15:23:37.971Z,1.00,1.00,0,10.03,10.03,10.03,10.03,10.03
2026-07-11T15:23:38.971Z,1.00,0.00,0,0.00,0.00,0.00,0.00,0.00
2026-07-11T15:23:39.971Z,1.00,1.00,0,10.90,10.90,10.90,10.90,10.90
2026-07-11T15:23:40.971Z,1.00,2.00,0,5.02,2105.34,2105.34,2105.34,2105.34
2026-07-11T15:23:41.971Z,1.00,1.00,0,3.81,3.81,3.81,3.81,3.81
2026-07-11T15:23:42.971Z,1.00,2.00,0,30.88,8421.38,8421.38,8421.38,8421.38
2026-07-11T15:23:43.971Z,1.00,1.00,0,1.84,1.84,1.84,1.84,1.84
2026-07-11T15:23:44.971Z,1.00,1.00,0,2.02,2.02,2.02,2.02,2.02
2026-07-11T15:23:45.971Z,1.00,2.00,0,6.16,9977.86,9977.86,9977.86,9977.86
2026-07-11T15:23:46.971Z,1.00,1.00,0,2.65,2.65,2.65,2.65,2.65
2026-07-11T15:23:47.971Z,1.00,1.00,0,2.20,2.20,2.20,2.20,2.20
2026-07-11T15:23:48.971Z,1.00,1.00,0,1.84,1.84,1.84,1.84,1.84
2026-07-11T15:23:49.971Z,1.00,1.00,0,1.95,1.95,1.95,1.95,1.95
2026-07-11T15:23:50.971Z,1.00,1.00,0,1.82,1.82,1.82,1.82,1.82
2026-07-11T15:23:51.971Z,1.00,1.00,0,2.42,2.42,2.42,2.42,2.42
2026-07-11T15:23:52.971Z,1.00,1.00,0,1.78,1.78,1.78,1.78,1.78
2026-07-11T15:23:53.971Z,1.00,1.00,0,1.70,1.70,1.70,1.70,1.70
2026-07-11T15:23:54.971Z,1.00,1.00,0,5.04,5.04,5.04,5.04,5.04
2026-07-11T15:23:55.971Z,1.00,1.00,0,1.59,1.59,1.59,1.59,1.59
2026-07-11T15:23:56.971Z,1.00,1.00,0,6.07,6.07,6.07,6.07,6.07
2026-07-11T15:23:57.971Z,1.00,1.00,0,3.02,3.02,3.02,3.02,3.02
2026-07-11T15:23:58.971Z,1.00,1.00,0,1.88,1.88,1.88,1.88,1.88
2026-07-11T15:23:59.971Z,1.00,1.00,0,11.89,11.89,11.89,11.89,11.89
2026-07-11T15:24:00.971Z,1.00,1.00,0,1.76,1.76,1.76,1.76,1.76
2026-07-11T15:24:01.971Z,1.00,1.00,0,1.79,1.79,1.79,1.79,1.79
2026-07-11T15:24:02.971Z,1.00,1.00,0,1.91,1.91,1.91,1.91,1.91
2026-07-11T15:24:03.971Z,1.00,0.00,0,0.00,0.00,0.00,0.00,0.00
2026-07-11T15:24:04.971Z,1.00,2.00,0,2.09,1806.34,1806.34,1806.34,1806.34
2026-07-11T15:24:05.971Z,1.00,1.00,0,5.96,5.96,5.96,5.96,5.96
2026-07-11T15:24:06.971Z,1.00,1.00,0,1.58,1.58,1.58,1.58,1.58
2026-07-11T15:24:07.971Z,1.00,1.00,0,2.15,2.15,2.15,2.15,2.15
2026-07-11T15:24:08.971Z,1.00,1.00,0,1.98,1.98,1.98,1.98,1.98
2026-07-11T15:24:09.971Z,1.00,0.00,0,0.00,0.00,0.00,0.00,0.00
2026-07-11T15:24:10.971Z,1.00,2.00,0,2.11,1386.50,1386.50,1386.50,1386.50
2026-07-11T15:24:11.971Z,1.00,1.00,0,2.33,2.33,2.33,2.33,2.33
2026-07-11T15:24:12.971Z,1.00,1.00,0,2.15,2.15,2.15,2.15,2.15
2026-07-11T15:24:13.971Z,1.00,1.00,0,1.60,1.60,1.60,1.60,1.60
2026-07-11T15:24:14.971Z,1.00,1.00,0,1.88,1.88,1.88,1.88,1.88
2026-07-11T15:24:15.971Z,1.00,1.00,0,1.95,1.95,1.95,1.95,1.95
2026-07-11T15:24:16.971Z,1.00,1.00,0,2.07,2.07,2.07,2.07,2.07
2026-07-11T15:24:17.971Z,1.00,1.00,0,6.88,6.88,6.88,6.88,6.88
2026-07-11T15:24:18.971Z,1.00,1.00,0,3.00,3.00,3.00,3.00,3.00
2026-07-11T15:24:19.971Z,1.00,0.00,0,0.00,0.00,0.00,0.00,0.00
2026-07-11T15:24:20.971Z,1.00,1.00,0,21.76,21.76,21.76,21.76,21.76
2026-07-11T15:24:21.971Z,1.00,1.00,0,1.89,1.89,1.89,1.89,1.89
2026-07-11T15:24:22.971Z,1.00,1.00,0,3.12,3.12,3.12,3.12,3.12
2026-07-11T15:24:23.971Z,1.00,2.00,0,1.92,4087.81,4087.81,4087.81,4087.81
2026-07-11T15:24:24.971Z,1.00,1.00,0,2.43,2.43,2.43,2.43,2.43
2026-07-11T15:24:25.971Z,1.00,1.00,0,2.15,2.15,2.15,2.15,2.15
2026-07-11T15:24:26.971Z,1.00,1.00,0,3.06,3.06,3.06,3.06,3.06
2026-07-11T15:24:27.971Z,1.00,1.00,0,2.11,2.11,2.11,2.11,2.11
2026-07-11T15:24:28.971Z,1.00,1.00,0,2.11,2.11,2.11,2.11,2.11
2026-07-11T15:24:29.971Z,1.00,1.00,0,2.14,2.14,2.14,2.14,2.14
2026-07-11T15:24:30.971Z,1.00,1.00,0,2.22,2.22,2.22,2.22,2.22
2026-07-11T15:24:31.971Z,1.00,1.00,0,2.17,2.17,2.17,2.17,2.17
2026-07-11T15:24:32.971Z,1.00,1.00,0,2.25,2.25,2.25,2.25,2.25
2026-07-11T15:24:33.971Z,1.00,1.00,0,2.09,2.09,2.09,2.09,2.09
2026-07-11T15:24:34.971Z,1.00,1.00,0,2.08,2.08,2.08,2.08,2.08
2026-07-11T15:24:35.971Z,1.00,1.00,0,2.14,2.14,2.14,2.14,2.14
2026-07-11T15:24:36.971Z,1.00,1.00,0,5.50,5.50,5.50,5.50,5.50
2026-07-11T15:24:37.971Z,1.00,1.00,0,2.17,2.17,2.17,2.17,2.17
2026-07-11T15:24:38.971Z,1.00,1.00,0,2.16,2.16,2.16,2.16,2.16
2026-07-11T15:24:39.971Z,1.00,1.00,0,2.22,2.22,2.22,2.22,2.22
2026-07-11T15:24:40.971Z,1.00,1.00,0,1.87,1.87,1.87,1.87,1.87
2026-07-11T15:24:41.971Z,1.00,1.00,0,1.72,1.72,1.72,1.72,1.72
2026-07-11T15:24:42.971Z,1.00,1.00,0,1.97,1.97,1.97,1.97,1.97
2026-07-11T15:24:43.971Z,1.00,1.00,0,2.14,2.14,2.14,2.14,2.14
2026-07-11T15:24:44.971Z,1.00,1.00,0,2.07,2.07,2.07,2.07,2.07
2026-07-11T15:24:45.971Z,1.00,1.00,0,2.55,2.55,2.55,2.55,2.55
2026-07-11T15:24:46.971Z,1.00,1.00,0,2.17,2.17,2.17,2.17,2.17
2026-07-11T15:24:47.971Z,1.00,1.00,0,7.16,7.16,7.16,7.16,7.16
2026-07-11T15:24:48.971Z,1.00,1.00,0,6.11,6.11,6.11,6.11,6.11
2026-07-11T15:24:49.971Z,1.00,1.00,0,2.28,2.28,2.28,2.28,2.28
2026-07-11T15:24:50.971Z,1.00,1.00,0,2.08,2.08,2.08,2.08,2.08
2026-07-11T15:24:51.971Z,1.00,1.00,0,2.11,2.11,2.11,2.11,2.11
2026-07-11T15:24:52.971Z,1.00,1.00,0,2.33,2.33,2.33,2.33,2.33
2026-07-11T15:24:53.971Z,1.00,1.00,0,2.03,2.03,2.03,2.03,2.03
2026-07-11T15:24:54.971Z,1.00,1.00,0,6.01,6.01,6.01,6.01,6.01
2026-07-11T15:24:55.971Z,1.00,1.00,0,1.97,1.97,1.97,1.97,1.97
2026-07-11T15:24:56.971Z,1.00,1.00,0,2.06,2.06,2.06,2.06,2.06
2026-07-11T15:24:57.971Z,1.00,1.00,0,2.26,2.26,2.26,2.26,2.26
2026-07-11T15:24:58.971Z,1.00,1.00,0,1.94,1.94,1.94,1.94,1.94
2026-07-11T15:24:59.971Z,1.00,1.00,0,2.03,2.03,2.03,2.03,2.03
2026-07-11T15:25:00.971Z,1.00,1.00,0,4.11,4.11,4.11,4.11,4.11
2026-07-11T15:25:01.971Z,1.00,1.00,0,5.12,5.12,5.12,5.12,5.12
2026-07-11T15:25:02.971Z,1.00,1.00,0,393.47,393.47,393.47,393.47,393.47
2026-07-11T15:25:03.971Z,1.00,1.00,0,9.98,9.98,9.98,9.98,9.98
2026-07-11T15:25:04.971Z,1.00,1.00,0,5.56,5.56,5.56,5.56,5.56
2026-07-11T15:25:05.971Z,1.00,1.00,0,2.01,2.01,2.01,2.01,2.01
2026-07-11T15:25:06.971Z,1.00,1.00,0,2.00,2.00,2.00,2.00,2.00
2026-07-11T15:25:07.971Z,1.00,1.00,0,1.95,1.95,1.95,1.95,1.95
2026-07-11T15:25:08.971Z,1.00,1.00,0,9.21,9.21,9.21,9.21,9.21
2026-07-11T15:25:09.971Z,1.00,1.00,0,8.60,8.60,8.60,8.60,8.60
2026-07-11T15:25:10.971Z,1.00,1.00,0,2.96,2.96,2.96,2.96,2.96
2026-07-11T15:25:11.971Z,1.00,1.00,0,1.48,1.48,1.48,1.48,1.48
2026-07-11T15:25:12.971Z,1.00,1.00,0,5.71,5.71,5.71,5.71,5.71
2026-07-11T15:25:13.971Z,1.00,1.00,0,2.24,2.24,2.24,2.24,2.24
2026-07-11T15:25:14.971Z,1.00,1.00,0,1.83,1.83,1.83,1.83,1.83
2026-07-11T15:25:15.971Z,1.00,1.00,0,1.98,1.98,1.98,1.98,1.98
2026-07-11T15:25:16.971Z,1.00,1.00,0,2.10,2.10,2.10,2.10,2.10
2026-07-11T15:25:17.971Z,1.00,1.00,0,7.70,7.70,7.70,7.70,7.70
2026-07-11T15:25:18.971Z,1.00,1.00,0,10.93,10.93,10.93,10.93,10.93
2026-07-11T15:25:19.971Z,1.00,1.00,0,2.18,2.18,2.18,2.18,2.18
2026-07-11T15:25:20.971Z,1.00,1.00,0,2.25,2.25,2.25,2.25,2.25
2026-07-11T15:25:21.971Z,1.00,1.00,0,9.41,9.41,9.41,9.41,9.41
2026-07-11T15:25:22.971Z,1.00,1.00,0,2.11,2.11,2.11,2.11,2.11
2026-07-11T15:25:23.971Z,1.00,1.00,0,2.29,2.29,2.29,2.29,2.29
2026-07-11T15:25:24.971Z,1.00,1.00,0,3.07,3.07,3.07,3.07,3.07
2026-07-11T15:25:25.971Z,1.00,1.00,0,4.93,4.93,4.93,4.93,4.93
2026-07-11T15:25:26.971Z,1.00,1.00,0,2.10,2.10,2.10,2.10,2.10
2026-07-11T15:25:27.971Z,1.00,1.00,0,1.94,1.94,1.94,1.94,1.94
2026-07-11T15:25:28.971Z,1.00,1.00,0,2.09,2.09,2.09,2.09,2.09
2026-07-11T15:25:29.971Z,1.00,1.00,0,2.19,2.19,2.19,2.19,2.19
2026-07-11T15:25:30.971Z,1.00,1.00,0,2.10,2.10,2.10,2.10,2.10
2026-07-11T15:25:31.971Z,1.00,1.00,0,6.64,6.64,6.64,6.64,6.64
2026-07-11T15:25:32.971Z,1.00,1.00,0,2.03,2.03,2.03,2.03,2.03
2026-07-11T15:25:33.971Z,1.00,1.00,0,2.14,2.14,2.14,2.14,2.14
2026-07-11T15:25:34.971Z,1.00,1.00,0,2.32,2.32,2.32,2.32,2.32
2026-07-11T15:25:35.971Z,1.00,0.00,0,0.00,0.00,0.00,0.00,0.00
2026-07-11T15:25:36.971Z,1.00,2.00,0,6.94,1696.77,1696.77,1696.77,1696.77
2026-07-11T15:25:37.971Z,1.00,1.00,0,3.05,3.05,3.05,3.05,3.05
2026-07-11T15:25:38.971Z,1.00,1.00,0,2.23,2.23,2.23,2.23,2.23
2026-07-11T15:25:39.971Z,1.00,1.00,0,2.14,2.14,2.14,2.14,2.14
2026-07-11T15:25:40.971Z,1.00,1.00,0,5.12,5.12,5.12,5.12,5.12
2026-07-11T15:25:41.971Z,1.00,1.00,0,1.71,1.71,1.71,1.71,1.71
2026-07-11T15:25:42.971Z,1.00,1.00,0,7.75,7.75,7.75,7.75,7.75
2026-07-11T15:25:43.971Z,1.00,1.00,0,1.87,1.87,1.87,1.87,1.87
2026-07-11T15:25:44.971Z,1.00,0.00,0,0.00,0.00,0.00,0.00,0.00
2026-07-11T15:25:45.971Z,1.00,2.00,0,2.94,1466.37,1466.37,1466.37,1466.37
2026-07-11T15:25:46.971Z,1.00,1.00,0,2.09,2.09,2.09,2.09,2.09
2026-07-11T15:25:47.971Z,1.00,1.00,0,1.69,1.69,1.69,1.69,1.69
2026-07-11T15:25:48.971Z,1.00,1.00,0,5.56,5.56,5.56,5.56,5.56
2026-07-11T15:25:49.971Z,1.00,1.00,0,2.01,2.01,2.01,2.01,2.01
2026-07-11T15:25:50.971Z,1.00,1.00,0,1.87,1.87,1.87,1.87,1.87
2026-07-11T15:25:51.971Z,1.00,1.00,0,4.04,4.04,4.04,4.04,4.04
2026-07-11T15:25:52.971Z,1.00,1.00,0,1.73,1.73,1.73,1.73,1.73
2026-07-11T15:25:53.971Z,1.00,1.00,0,6.26,6.26,6.26,6.26,6.26
2026-07-11T15:25:54.971Z,1.00,1.00,0,5.67,5.67,5.67,5.67,5.67
2026-07-11T15:25:55.971Z,1.00,1.00,0,1.98,1.98,1.98,1.98,1.98
2026-07-11T15:25:56.971Z,1.00,1.00,0,1.62,1.62,1.62,1.62,1.62
2026-07-11T15:25:57.971Z,1.00,1.00,0,7.02,7.02,7.02,7.02,7.02
2026-07-11T15:25:58.971Z,1.00,1.00,0,1.92,1.92,1.92,1.92,1.92
2026-07-11T15:25:59.971Z,1.00,1.00,0,4.18,4.18,4.18,4.18,4.18
2026-07-11T15:26:00.971Z,1.00,1.00,0,6.40,6.40,6.40,6.40,6.40
2026-07-11T15:26:01.971Z,1.00,1.00,0,2.07,2.07,2.07,2.07,2.07
2026-07-11T15:26:02.971Z,1.00,1.00,0,1.74,1.74,1.74,1.74,1.74
2026-07-11T15:26:03.971Z,1.00,1.00,0,2.10,2.10,2.10,2.10,2.10
2026-07-11T15:26:04.971Z,1.00,1.00,0,2.04,2.04,2.04,2.04,2.04
2026-07-11T15:26:05.971Z,1.00,1.00,0,1.94,1.94,1.94,1.94,1.94
2026-07-11T15:26:06.971Z,1.00,1.00,0,2.11,2.11,2.11,2.11,2.11
2026-07-11T15:26:07.971Z,1.00,1.00,0,2.06,2.06,2.06,2.06,2.06
2026-07-11T15:26:08.971Z,1.00,1.00,0,2.11,2.11,2.11,2.11,2.11
2026-07-11T15:26:09.971Z,1.00,1.00,0,9.24,9.24,9.24,9.24,9.24
2026-07-11T15:26:10.971Z,1.00,0.00,0,0.00,0.00,0.00,0.00,0.00
2026-07-11T15:26:11.971Z,1.00,1.00,0,5.35,5.35,5.35,5.35,5.35
2026-07-11T15:26:12.971Z,1.00,1.00,0,4.25,4.25,4.25,4.25,4.25
2026-07-11T15:26:13.971Z,1.00,0.00,0,0.00,0.00,0.00,0.00,0.00
2026-07-11T15:26:14.971Z,1.00,1.00,0,21.26,21.26,21.26,21.26,21.26
2026-07-11T15:26:15.971Z,1.00,2.00,0,12.06,5074.94,5074.94,5074.94,5074.94
2026-07-11T15:26:16.971Z,1.00,2.00,0,1.65,3211.26,3211.26,3211.26,3211.26
2026-07-11T15:26:17.971Z,1.00,1.00,0,2.40,2.40,2.40,2.40,2.40
2026-07-11T15:26:18.971Z,1.00,1.00,0,1.92,1.92,1.92,1.92,1.92
2026-07-11T15:26:19.971Z,1.00,1.00,0,1.75,1.75,1.75,1.75,1.75
2026-07-11T15:26:20.971Z,1.00,1.00,0,10.49,10.49,10.49,10.49,10.49
2026-07-11T15:26:21.971Z,1.00,1.00,0,2.14,2.14,2.14,2.14,2.14
2026-07-11T15:26:22.971Z,1.00,1.00,0,2.01,2.01,2.01,2.01,2.01
2026-07-11T15:26:23.971Z,1.00,1.00,0,2.38,2.38,2.38,2.38,2.38
2026-07-11T15:26:24.971Z,1.00,0.00,0,0.00,0.00,0.00,0.00,0.00
2026-07-11T15:26:25.971Z,1.00,2.00,0,9.60,1720.32,1720.32,1720.32,1720.32
2026-07-11T15:26:26.971Z,1.00,1.00,0,1.59,1.59,1.59,1.59,1.59
2026-07-11T15:26:27.971Z,1.00,1.00,0,6.90,6.90,6.90,6.90,6.90
2026-07-11T15:26:28.971Z,1.00,1.00,0,2.08,2.08,2.08,2.08,2.08
2026-07-11T15:26:29.971Z,1.00,1.00,0,5.99,5.99,5.99,5.99,5.99
2026-07-11T15:26:30.971Z,1.00,1.00,0,2.17,2.17,2.17,2.17,2.17
2026-07-11T15:26:31.971Z,1.00,1.00,0,8.13,8.13,8.13,8.13,8.13
2026-07-11T15:26:32.971Z,1.00,0.00,0,0.00,0.00,0.00,0.00,0.00
2026-07-11T15:26:33.971Z,1.00,2.00,0,2.46,1500.16,1500.16,1500.16,1500.16
2026-07-11T15:26:34.971Z,1.00,1.00,0,1.35,1.35,1.35,1.35,1.35
2026-07-11T15:26:35.971Z,1.00,1.00,0,2.06,2.06,2.06,2.06,2.06
2026-07-11T15:26:36.971Z,1.00,1.00,0,2.07,2.07,2.07,2.07,2.07
2026-07-11T15:26:37.971Z,1.00,1.00,0,2.16,2.16,2.16,2.16,2.16
2026-07-11T15:26:38.971Z,1.00,1.00,0,2.51,2.51,2.51,2.51,2.51
2026-07-11T15:26:39.971Z,1.00,1.00,0,2.06,2.06,2.06,2.06,2.06
2026-07-11T15:26:40.971Z,1.00,1.00,0,1.80,1.80,1.80,1.80,1.80
2026-07-11T15:26:41.971Z,1.00,1.00,0,2.04,2.04,2.04,2.04,2.04
2026-07-11T15:26:42.971Z,1.00,1.00,0,1.85,1.85,1.85,1.85,1.85
2026-07-11T15:26:43.971Z,1.00,1.00,0,2.18,2.18,2.18,2.18,2.18
2026-07-11T15:26:44.971Z,1.00,1.00,0,8.14,8.14,8.14,8.14,8.14
2026-07-11T15:26:45.971Z,1.00,1.00,0,2.30,2.30,2.30,2.30,2.30
2026-07-11T15:26:46.971Z,1.00,1.00,0,5.10,5.10,5.10,5.10,5.10
2026-07-11T15:26:47.971Z,1.00,0.00,0,0.00,0.00,0.00,0.00,0.00
2026-07-11T15:26:48.971Z,1.00,1.00,0,4.65,4.65,4.65,4.65,4.65
2026-07-11T15:26:49.971Z,1.00,1.00,0,11.30,11.30,11.30,11.30,11.30
2026-07-11T15:26:50.971Z,1.00,2.00,0,7.24,3934.21,3934.21,3934.21,3934.21
2026-07-11T15:26:51.971Z,1.00,1.00,0,1.12,1.12,1.12,1.12,1.12
2026-07-11T15:26:52.971Z,1.00,1.00,0,2.09,2.09,2.09,2.09,2.09
2026-07-11T15:26:53.971Z,1.00,1.00,0,2.41,2.41,2.41,2.41,2.41
2026-07-11T15:26:54.971Z,1.00,1.00,0,1.87,1.87,1.87,1.87,1.87
2026-07-11T15:26:55.971Z,1.00,1.00,0,2.30,2.30,2.30,2.30,2.30
2026-07-11T15:26:56.971Z,1.00,1.00,0,2.10,2.10,2.10,2.10,2.10
2026-07-11T15:26:57.971Z,1.00,1.00,0,2.05,2.05,2.05,2.05,2.05
2026-07-11T15:26:58.971Z,1.00,1.00,0,2.04,2.04,2.04,2.04,2.04
2026-07-11T15:26:59.971Z,1.00,1.00,0,5.43,5.43,5.43,5.43,5.43
2026-07-11T15:27:00.971Z,1.00,1.00,0,2.07,2.07,2.07,2.07,2.07
2026-07-11T15:27:01.971Z,1.00,1.00,0,2.03,2.03,2.03,2.03,2.03
2026-07-11T15:27:02.971Z,1.00,1.00,0,3.96,3.96,3.96,3.96,3.96
2026-07-11T15:27:03.971Z,1.00,1.00,0,560.64,560.64,560.64,560.64,560.64
2026-07-11T15:27:04.971Z,1.00,1.00,0,6.01,6.01,6.01,6.01,6.01
2026-07-11T15:27:05.971Z,1.00,1.00,0,1.89,1.89,1.89,1.89,1.89
2026-07-11T15:27:06.971Z,1.00,1.00,0,7.94,7.94,7.94,7.94,7.94
2026-07-11T15:27:07.971Z,1.00,1.00,0,2.50,2.50,2.50,2.50,2.50
2026-07-11T15:27:08.971Z,1.00,1.00,0,1.96,1.96,1.96,1.96,1.96
2026-07-11T15:27:09.971Z,1.00,1.00,0,6.78,6.78,6.78,6.78,6.78
2026-07-11T15:27:10.971Z,1.00,1.00,0,1.62,1.62,1.62,1.62,1.62
2026-07-11T15:27:11.971Z,1.00,1.00,0,2.09,2.09,2.09,2.09,2.09
2026-07-11T15:27:12.971Z,1.00,1.00,0,2.03,2.03,2.03,2.03,2.03
2026-07-11T15:27:13.971Z,1.00,1.00,0,6.23,6.23,6.23,6.23,6.23
2026-07-11T15:27:14.971Z,1.00,1.00,0,1.87,1.87,1.87,1.87,1.87
2026-07-11T15:27:15.971Z,1.00,1.00,0,2.45,2.45,2.45,2.45,2.45
2026-07-11T15:27:16.971Z,1.00,1.00,0,2.13,2.13,2.13,2.13,2.13
2026-07-11T15:27:17.971Z,1.00,1.00,0,5.51,5.51,5.51,5.51,5.51
2026-07-11T15:27:18.971Z,1.00,1.00,0,1.90,1.90,1.90,1.90,1.90
2026-07-11T15:27:19.971Z,1.00,1.00,0,1.75,1.75,1.75,1.75,1.75
2026-07-11T15:27:20.971Z,1.00,1.00,0,7.42,7.42,7.42,7.42,7.42
2026-07-11T15:27:21.971Z,1.00,1.00,0,2.01,2.01,2.01,2.01,2.01
2026-07-11T15:27:22.971Z,1.00,1.00,0,1.69,1.69,1.69,1.69,1.69
2026-07-11T15:27:23.971Z,1.00,1.00,0,1.91,1.91,1.91,1.91,1.91
2026-07-11T15:27:24.971Z,1.00,1.00,0,1.87,1.87,1.87,1.87,1.87
2026-07-11T15:27:25.971Z,1.00,1.00,0,1.96,1.96,1.96,1.96,1.96
2026-07-11T15:27:26.971Z,1.00,1.00,0,1.94,1.94,1.94,1.94,1.94
2026-07-11T15:27:27.971Z,1.00,1.00,0,10.10,10.10,10.10,10.10,10.10
2026-07-11T15:27:28.971Z,1.00,1.00,0,1.96,1.96,1.96,1.96,1.96
2026-07-11T15:27:29.971Z,1.00,1.00,0,5.19,5.19,5.19,5.19,5.19
2026-07-11T15:27:30.971Z,1.00,1.00,0,1.97,1.97,1.97,1.97,1.97
2026-07-11T15:27:31.971Z,1.00,1.00,0,2.06,2.06,2.06,2.06,2.06
2026-07-11T15:27:32.971Z,1.00,0.00,0,0.00,0.00,0.00,0.00,0.00
2026-07-11T15:27:33.971Z,1.00,2.00,0,5.05,1724.42,1724.42,1724.42,1724.42
2026-07-11T15:27:34.971Z,1.00,1.00,0,5.26,5.26,5.26,5.26,5.26
2026-07-11T15:27:35.971Z,1.00,1.00,0,1.68,1.68,1.68,1.68,1.68
2026-07-11T15:27:36.971Z,1.00,1.00,0,7.13,7.13,7.13,7.13,7.13
2026-07-11T15:27:37.971Z,1.00,1.00,0,2.08,2.08,2.08,2.08,2.08
2026-07-11T15:27:38.971Z,1.00,1.00,0,1.98,1.98,1.98,1.98,1.98
2026-07-11T15:27:39.971Z,1.00,1.00,0,1.98,1.98,1.98,1.98,1.98
2026-07-11T15:27:40.971Z,1.00,1.00,0,6.08,6.08,6.08,6.08,6.08
2026-07-11T15:27:41.971Z,1.00,1.00,0,1.91,1.91,1.91,1.91,1.91
2026-07-11T15:27:42.971Z,1.00,1.00,0,2.04,2.04,2.04,2.04,2.04
2026-07-11T15:27:43.971Z,1.00,1.00,0,1.97,1.97,1.97,1.97,1.97
2026-07-11T15:27:44.971Z,1.00,1.00,0,2.12,2.12,2.12,2.12,2.12
2026-07-11T15:27:45.971Z,1.00,1.00,0,2.03,2.03,2.03,2.03,2.03
2026-07-11T15:27:46.971Z,1.00,1.00,0,2.09,2.09,2.09,2.09,2.09
2026-07-11T15:27:47.971Z,1.00,1.00,0,1.73,1.73,1.73,1.73,1.73
2026-07-11T15:27:48.971Z,1.00,1.00,0,2.03,2.03,2.03,2.03,2.03
2026-07-11T15:27:49.971Z,1.00,1.00,0,5.88,5.88,5.88,5.88,5.88
2026-07-11T15:27:50.971Z,1.00,1.00,0,1.89,1.89,1.89,1.89,1.89
2026-07-11T15:27:51.971Z,1.00,1.00,0,5.11,5.11,5.11,5.11,5.11
2026-07-11T15:27:52.971Z,1.00,1.00,0,5.33,5.33,5.33,5.33,5.33
2026-07-11T15:27:53.971Z,1.00,1.00,0,2.07,2.07,2.07,2.07,2.07
2026-07-11T15:27:54.971Z,1.00,1.00,0,2.25,2.25,2.25,2.25,2.25
2026-07-11T15:27:55.971Z,1.00,1.00,0,8.00,8.00,8.00,8.00,8.00
2026-07-11T15:27:56.971Z,1.00,1.00,0,2.06,2.06,2.06,2.06,2.06
2026-07-11T15:27:57.971Z,1.00,1.00,0,2.07,2.07,2.07,2.07,2.07
2026-07-11T15:27:58.971Z,1.00,1.00,0,2.06,2.06,2.06,2.06,2.06
2026-07-11T15:27:59.971Z,1.00,1.00,0,1.90,1.90,1.90,1.90,1.90
2026-07-11T15:28:00.971Z,1.00,1.00,0,2.07,2.07,2.07,2.07,2.07
2026-07-11T15:28:01.971Z,1.00,1.00,0,7.87,7.87,7.87,7.87,7.87
2026-07-11T15:28:02.971Z,1.00,1.00,0,3.81,3.81,3.81,3.81,3.81
2026-07-11T15:28:03.971Z,1.00,1.00,0,4.96,4.96,4.96,4.96,4.96
2026-07-11T15:28:04.971Z,1.00,1.00,0,2.03,2.03,2.03,2.03,2.03
2026-07-11T15:28:05.971Z,1.00,1.00,0,2.08,2.08,2.08,2.08,2.08
2026-07-11T15:28:06.971Z,1.00,1.00,0,2.76,2.76,2.76,2.76,2.76
2026-07-11T15:28:07.971Z,1.00,1.00,0,2.24,2.24,2.24,2.24,2.24
2026-07-11T15:28:08.971Z,1.00,0.00,0,0.00,0.00,0.00,0.00,0.00
2026-07-11T15:28:09.971Z,1.00,1.00,0,7.30,7.30,7.30,7.30,7.30
2026-07-11T15:28:10.971Z,1.00,0.00,0,0.00,0.00,0.00,0.00,0.00
2026-07-11T15:28:11.971Z,1.00,1.00,0,9.95,9.95,9.95,9.95,9.95
2026-07-11T15:28:12.971Z,1.00,1.00,0,8.17,8.17,8.17,8.17,8.17
2026-07-11T15:28:13.971Z,1.00,1.00,0,2.00,2.00,2.00,2.00,2.00
2026-07-11T15:28:14.971Z,1.00,1.00,0,11.24,11.24,11.24,11.24,11.24
2026-07-11T15:28:15.971Z,1.00,1.00,0,7757.82,7757.82,7757.82,7757.82,7757.82
2026-07-11T15:28:16.971Z,1.00,1.00,0,16.30,16.30,16.30,16.30,16.30
2026-07-11T15:28:17.971Z,1.00,2.00,0,21.07,2052.10,2052.10,2052.10,2052.10
2026-07-11T15:28:18.971Z,1.00,1.00,0,2.02,2.02,2.02,2.02,2.02
2026-07-11T15:28:19.971Z,1.00,1.00,0,1.84,1.84,1.84,1.84,1.84
2026-07-11T15:28:20.971Z,1.00,2.00,0,2.06,10092.54,10092.54,10092.54,10092.54
2026-07-11T15:28:21.971Z,1.00,1.00,0,6.86,6.86,6.86,6.86,6.86
2026-07-11T15:28:22.971Z,1.00,1.00,0,20.11,20.11,20.11,20.11,20.11
2026-07-11T15:28:23.971Z,1.00,1.00,0,1.92,1.92,1.92,1.92,1.92
2026-07-11T15:28:24.971Z,1.00,0.00,0,0.00,0.00,0.00,0.00,0.00
2026-07-11T15:28:25.971Z,1.00,2.00,0,2.11,1675.26,1675.26,1675.26,1675.26
2026-07-11T15:28:26.971Z,1.00,1.00,0,1.16,1.16,1.16,1.16,1.16
2026-07-11T15:28:27.971Z,1.00,1.00,0,3.21,3.21,3.21,3.21,3.21
2026-07-11T15:28:28.971Z,1.00,1.00,0,1.79,1.79,1.79,1.79,1.79
2026-07-11T15:28:29.971Z,1.00,1.00,0,5.34,5.34,5.34,5.34,5.34
2026-07-11T15:28:30.971Z,1.00,1.00,0,1.80,1.80,1.80,1.80,1.80
2026-07-11T15:28:31.971Z,1.00,1.00,0,4.72,4.72,4.72,4.72,4.72
2026-07-11T15:28:32.971Z,1.00,1.00,0,2.02,2.02,2.02,2.02,2.02
2026-07-11T15:28:33.971Z,1.00,1.00,0,2.41,2.41,2.41,2.41,2.41
2026-07-11T15:28:34.971Z,1.00,1.00,0,6.05,6.05,6.05,6.05,6.05
2026-07-11T15:28:35.971Z,1.00,1.00,0,6.26,6.26,6.26,6.26,6.26
2026-07-11T15:28:36.971Z,1.00,1.00,0,3.14,3.14,3.14,3.14,3.14
2026-07-11T15:28:37.971Z,1.00,0.00,0,0.00,0.00,0.00,0.00,0.00
2026-07-11T15:28:38.971Z,1.00,2.00,0,2.41,1464.32,1464.32,1464.32,1464.32
2026-07-11T15:28:39.971Z,1.00,1.00,0,2.01,2.01,2.01,2.01,2.01
2026-07-11T15:28:40.971Z,1.00,1.00,0,1.97,1.97,1.97,1.97,1.97
2026-07-11T15:28:41.971Z,1.00,1.00,0,1.95,1.95,1.95,1.95,1.95
2026-07-11T15:28:42.971Z,1.00,1.00,0,1.97,1.97,1.97,1.97,1.97
2026-07-11T15:28:43.971Z,1.00,1.00,0,6.66,6.66,6.66,6.66,6.66
2026-07-11T15:28:44.971Z,1.00,1.00,0,2.00,2.00,2.00,2.00,2.00
2026-07-11T15:28:45.971Z,1.00,1.00,0,5.52,5.52,5.52,5.52,5.52
2026-07-11T15:28:46.971Z,1.00,1.00,0,1.92,1.92,1.92,1.92,1.92
2026-07-11T15:28:47.971Z,1.00,1.00,0,2.11,2.11,2.11,2.11,2.11
2026-07-11T15:28:48.971Z,1.00,1.00,0,2.30,2.30,2.30,2.30,2.30
2026-07-11T15:28:49.971Z,1.00,1.00,0,2.08,2.08,2.08,2.08,2.08
2026-07-11T15:28:50.971Z,1.00,1.00,0,2.00,2.00,2.00,2.00,2.00
2026-07-11T15:28:51.971Z,1.00,1.00,0,2.22,2.22,2.22,2.22,2.22
2026-07-11T15:28:52.971Z,1.00,1.00,0,2.13,2.13,2.13,2.13,2.13
2026-07-11T15:28:53.971Z,1.00,1.00,0,7.59,7.59,7.59,7.59,7.59
2026-07-11T15:28:54.971Z,1.00,1.00,0,2.17,2.17,2.17,2.17,2.17
2026-07-11T15:28:55.971Z,1.00,1.00,0,10.81,10.81,10.81,10.81,10.81
2026-07-11T15:28:56.971Z,1.00,1.00,0,7.34,7.34,7.34,7.34,7.34
2026-07-11T15:28:57.971Z,1.00,1.00,0,1.89,1.89,1.89,1.89,1.89
2026-07-11T15:28:58.971Z,1.00,1.00,0,2.16,2.16,2.16,2.16,2.16
2026-07-11T15:28:59.971Z,1.00,1.00,0,2.19,2.19,2.19,2.19,2.19
2026-07-11T15:29:00.971Z,1.00,1.00,0,2.10,2.10,2.10,2.10,2.10
2026-07-11T15:29:01.971Z,1.00,1.00,0,2.08,2.08,2.08,2.08,2.08
2026-07-11T15:29:02.971Z,1.00,1.00,0,1.95,1.95,1.95,1.95,1.95
2026-07-11T15:29:03.971Z,1.00,1.00,0,5.61,5.61,5.61,5.61,5.61
2026-07-11T15:29:04.971Z,1.00,1.00,0,2.00,2.00,2.00,2.00,2.00
2026-07-11T15:29:05.971Z,1.00,1.00,0,6.24,6.24,6.24,6.24,6.24
2026-07-11T15:29:06.971Z,1.00,1.00,0,5.83,5.83,5.83,5.83,5.83
2026-07-11T15:29:07.971Z,1.00,1.00,0,2.08,2.08,2.08,2.08,2.08
2026-07-11T15:29:08.971Z,1.00,1.00,0,2.28,2.28,2.28,2.28,2.28
2026-07-11T15:29:09.971Z,1.00,1.00,0,1.65,1.65,1.65,1.65,1.65
2026-07-11T15:29:10.971Z,1.00,1.00,0,2.41,2.41,2.41,2.41,2.41
2026-07-11T15:29:11.971Z,1.00,1.00,0,2.87,2.87,2.87,2.87,2.87
2026-07-11T15:29:12.971Z,1.00,1.00,0,12.51,12.51,12.51,12.51,12.51
2026-07-11T15:29:13.971Z,1.00,0.00,0,0.00,0.00,0.00,0.00,0.00
2026-07-11T15:29:14.971Z,1.00,1.00,0,21.82,21.82,21.82,21.82,21.82
2026-07-11T15:29:15.971Z,1.00,0.00,0,0.00,0.00,0.00,0.00,0.00
2026-07-11T15:29:16.971Z,1.00,1.00,0,5.21,5.21,5.21,5.21,5.21
2026-07-11T15:29:17.971Z,1.00,1.00,0,4.03,4.03,4.03,4.03,4.03
2026-07-11T15:29:18.971Z,1.00,2.00,0,3.93,5636.10,5636.10,5636.10,5636.10
2026-07-11T15:29:19.971Z,1.00,2.00,0,1.86,4399.10,4399.10,4399.10,4399.10
2026-07-11T15:29:20.971Z,1.00,1.00,0,1.94,1.94,1.94,1.94,1.94
2026-07-11T15:29:21.971Z,1.00,1.00,0,2.14,2.14,2.14,2.14,2.14
2026-07-11T15:29:22.971Z,1.00,1.00,0,2.40,2.40,2.40,2.40,2.40
2026-07-11T15:29:23.971Z,1.00,1.00,0,2.16,2.16,2.16,2.16,2.16
2026-07-11T15:29:24.971Z,1.00,1.00,0,2.15,2.15,2.15,2.15,2.15
2026-07-11T15:29:25.971Z,1.00,1.00,0,2.15,2.15,2.15,2.15,2.15
2026-07-11T15:29:26.971Z,1.00,1.00,0,2.34,2.34,2.34,2.34,2.34
2026-07-11T15:29:27.971Z,1.00,1.00,0,5.52,5.52,5.52,5.52,5.52
2026-07-11T15:29:28.971Z,1.00,1.00,0,2.40,2.40,2.40,2.40,2.40
2026-07-11T15:29:29.971Z,1.00,1.00,0,2.18,2.18,2.18,2.18,2.18
2026-07-11T15:29:30.971Z,1.00,1.00,0,2.32,2.32,2.32,2.32,2.32
2026-07-11T15:29:31.971Z,1.00,1.00,0,2.33,2.33,2.33,2.33,2.33
2026-07-11T15:29:32.971Z,1.00,1.00,0,2.27,2.27,2.27,2.27,2.27
2026-07-11T15:29:33.971Z,1.00,1.00,0,2.11,2.11,2.11,2.11,2.11
2026-07-11T15:29:34.971Z,1.00,1.00,0,2.24,2.24,2.24,2.24,2.24
2026-07-11T15:29:35.971Z,1.00,1.00,0,2.03,2.03,2.03,2.03,2.03
2026-07-11T15:29:36.971Z,1.00,1.00,0,6.62,6.62,6.62,6.62,6.62
2026-07-11T15:29:37.971Z,1.00,1.00,0,6.46,6.46,6.46,6.46,6.46
2026-07-11T15:29:38.971Z,1.00,1.00,0,7.24,7.24,7.24,7.24,7.24
2026-07-11T15:29:39.971Z,1.00,1.00,0,8.20,8.20,8.20,8.20,8.20
2026-07-11T15:29:40.971Z,1.00,1.00,0,5.71,5.71,5.71,5.71,5.71
2026-07-11T15:29:41.971Z,1.00,1.00,0,1.87,1.87,1.87,1.87,1.87
2026-07-11T15:29:42.971Z,1.00,1.00,0,6.77,6.77,6.77,6.77,6.77
2026-07-11T15:29:43.971Z,1.00,1.00,0,1.88,1.88,1.88,1.88,1.88
2026-07-11T15:29:44.971Z,1.00,1.00,0,2.23,2.23,2.23,2.23,2.23
2026-07-11T15:29:45.971Z,1.00,1.00,0,2.42,2.42,2.42,2.42,2.42
2026-07-11T15:29:46.971Z,1.00,1.00,0,2.16,2.16,2.16,2.16,2.16
2026-07-11T15:29:47.971Z,1.00,1.00,0,1.98,1.98,1.98,1.98,1.98
2026-07-11T15:29:48.971Z,1.00,1.00,0,2.13,2.13,2.13,2.13,2.13
2026-07-11T15:29:49.971Z,1.00,1.00,0,2.25,2.25,2.25,2.25,2.25
2026-07-11T15:29:50.971Z,1.00,1.00,0,6.44,6.44,6.44,6.44,6.44
2026-07-11T15:29:51.971Z,1.00,1.00,0,1.94,1.94,1.94,1.94,1.94
2026-07-11T15:29:52.971Z,1.00,1.00,0,1.94,1.94,1.94,1.94,1.94
2026-07-11T15:29:53.971Z,1.00,1.00,0,1.93,1.93,1.93,1.93,1.93
2026-07-11T15:29:54.971Z,1.00,1.00,0,1.98,1.98,1.98,1.98,1.98
2026-07-11T15:29:55.971Z,1.00,1.00,0,1.89,1.89,1.89,1.89,1.89
2026-07-11T15:29:56.971Z,1.00,1.00,0,2.00,2.00,2.00,2.00,2.00
2026-07-11T15:29:57.971Z,1.00,0.00,0,0.00,0.00,0.00,0.00,0.00
2026-07-11T15:29:58.971Z,1.00,2.00,0,2.03,1634.30,1634.30,1634.30,1634.30
2026-07-11T15:29:59.971Z,1.00,1.00,0,1.26,1.26,1.26,1.26,1.26
2026-07-11T15:30:00.971Z,1.00,1.00,0,1.87,1.87,1.87,1.87,1.87
2026-07-11T15:30:01.971Z,1.00,1.00,0,1.85,1.85,1.85,1.85,1.85
2026-07-11T15:30:02.971Z,1.00,1.00,0,1.96,1.96,1.96,1.96,1.96
2026-07-11T15:30:03.971Z,1.00,1.00,0,1.62,1.62,1.62,1.62,1.62
2026-07-11T15:30:04.971Z,1.00,1.00,0,1.89,1.89,1.89,1.89,1.89
2026-07-11T15:30:05.971Z,1.00,1.00,0,1.65,1.65,1.65,1.65,1.65
2026-07-11T15:30:06.971Z,1.00,1.00,0,1.95,1.95,1.95,1.95,1.95
2026-07-11T15:30:07.971Z,1.00,1.00,0,1.98,1.98,1.98,1.98,1.98
2026-07-11T15:30:08.971Z,1.00,1.00,0,5.56,5.56,5.56,5.56,5.56
2026-07-11T15:30:09.971Z,1.00,1.00,0,1.54,1.54,1.54,1.54,1.54
2026-07-11T15:30:10.971Z,1.00,1.00,0,2.17,2.17,2.17,2.17,2.17
2026-07-11T15:30:11.971Z,1.00,1.00,0,7.77,7.77,7.77,7.77,7.77
2026-07-11T15:30:12.971Z,1.00,1.00,0,4.94,4.94,4.94,4.94,4.94
2026-07-11T15:30:13.971Z,1.00,1.00,0,1.80,1.80,1.80,1.80,1.80
2026-07-11T15:30:14.971Z,1.00,1.00,0,1.81,1.81,1.81,1.81,1.81
2026-07-11T15:30:15.971Z,1.00,1.00,0,1.96,1.96,1.96,1.96,1.96
2026-07-11T15:30:16.971Z,1.00,1.00,0,2.07,2.07,2.07,2.07,2.07
2026-07-11T15:30:17.971Z,1.00,1.00,0,1.83,1.83,1.83,1.83,1.83
2026-07-11T15:30:18.971Z,1.00,1.00,0,2.19,2.19,2.19,2.19,2.19
2026-07-11T15:30:19.971Z,1.00,1.00,0,2.13,2.13,2.13,2.13,2.13
2026-07-11T15:30:20.971Z,1.00,1.00,0,2.13,2.13,2.13,2.13,2.13
2026-07-11T15:30:21.971Z,1.00,1.00,0,2.10,2.10,2.10,2.10,2.10
2026-07-11T15:30:22.971Z,1.00,1.00,0,2.01,2.01,2.01,2.01,2.01
2026-07-11T15:30:23.971Z,1.00,1.00,0,2.06,2.06,2.06,2.06,2.06
2026-07-11T15:30:24.971Z,1.00,1.00,0,7.34,7.34,7.34,7.34,7.34
2026-07-11T15:30:25.971Z,1.00,1.00,0,6.06,6.06,6.06,6.06,6.06
2026-07-11T15:30:26.971Z,1.00,1.00,0,2.14,2.14,2.14,2.14,2.14
2026-07-11T15:30:27.971Z,1.00,1.00,0,1.92,1.92,1.92,1.92,1.92
2026-07-11T15:30:28.971Z,1.00,1.00,0,2.11,2.11,2.11,2.11,2.11
2026-07-11T15:30:29.971Z,1.00,1.00,0,1.90,1.90,1.90,1.90,1.90
2026-07-11T15:30:30.971Z,1.00,1.00,0,1.92,1.92,1.92,1.92,1.92
2026-07-11T15:30:31.971Z,1.00,1.00,0,1.97,1.97,1.97,1.97,1.97
2026-07-11T15:30:32.971Z,1.00,1.00,0,1.88,1.88,1.88,1.88,1.88
2026-07-11T15:30:33.971Z,1.00,1.00,0,2.15,2.15,2.15,2.15,2.15
2026-07-11T15:30:34.971Z,1.00,1.00,0,2.88,2.88,2.88,2.88,2.88
2026-07-11T15:30:35.971Z,1.00,0.00,0,0.00,0.00,0.00,0.00,0.00
2026-07-11T15:30:36.971Z,1.00,1.00,0,8.10,8.10,8.10,8.10,8.10
2026-07-11T15:30:37.971Z,1.00,1.00,0,19.81,19.81,19.81,19.81,19.81
2026-07-11T15:30:38.971Z,1.00,0.00,0,0.00,0.00,0.00,0.00,0.00
2026-07-11T15:30:39.971Z,1.00,2.00,0,23.92,4587.52,4587.52,4587.52,4587.52
2026-07-11T15:30:40.971Z,1.00,1.00,0,8.04,8.04,8.04,8.04,8.04
2026-07-11T15:30:41.971Z,1.00,1.00,0,14.33,14.33,14.33,14.33,14.33
2026-07-11T15:30:42.971Z,1.00,0.00,0,0.00,0.00,0.00,0.00,0.00
2026-07-11T15:30:43.971Z,1.00,1.00,0,2.45,2.45,2.45,2.45,2.45
2026-07-11T15:30:44.971Z,1.00,2.00,0,1.80,2187.26,2187.26,2187.26,2187.26
2026-07-11T15:30:45.971Z,1.00,1.00,0,2.26,2.26,2.26,2.26,2.26
2026-07-11T15:30:46.971Z,1.00,1.00,0,2.07,2.07,2.07,2.07,2.07
2026-07-11T15:30:47.971Z,1.00,2.00,0,2.05,9633.79,9633.79,9633.79,9633.79
2026-07-11T15:30:48.971Z,1.00,1.00,0,7.37,7.37,7.37,7.37,7.37
2026-07-11T15:30:49.971Z,1.00,1.00,0,2.05,2.05,2.05,2.05,2.05
2026-07-11T15:30:50.971Z,1.00,1.00,0,1.85,1.85,1.85,1.85,1.85
2026-07-11T15:30:51.971Z,1.00,1.00,0,2.07,2.07,2.07,2.07,2.07
2026-07-11T15:30:52.971Z,1.00,1.00,0,5.76,5.76,5.76,5.76,5.76
2026-07-11T15:30:53.971Z,1.00,1.00,0,8.87,8.87,8.87,8.87,8.87
2026-07-11T15:30:54.971Z,1.00,1.00,0,2.29,2.29,2.29,2.29,2.29
2026-07-11T15:30:55.971Z,1.00,1.00,0,1.97,1.97,1.97,1.97,1.97
2026-07-11T15:30:56.971Z,1.00,1.00,0,2.04,2.04,2.04,2.04,2.04
2026-07-11T15:30:57.971Z,1.00,1.00,0,1.95,1.95,1.95,1.95,1.95
2026-07-11T15:30:58.971Z,1.00,1.00,0,7.58,7.58,7.58,7.58,7.58
2026-07-11T15:30:59.971Z,1.00,1.00,0,5.51,5.51,5.51,5.51,5.51
2026-07-11T15:31:00.971Z,1.00,1.00,0,2.12,2.12,2.12,2.12,2.12
2026-07-11T15:31:01.971Z,1.00,1.00,0,2.24,2.24,2.24,2.24,2.24
2026-07-11T15:31:02.971Z,1.00,1.00,0,2.03,2.03,2.03,2.03,2.03
2026-07-11T15:31:03.971Z,1.00,1.00,0,2.29,2.29,2.29,2.29,2.29
2026-07-11T15:31:04.971Z,1.00,1.00,0,1.95,1.95,1.95,1.95,1.95
2026-07-11T15:31:05.971Z,1.00,1.00,0,2.12,2.12,2.12,2.12,2.12
2026-07-11T15:31:06.971Z,1.00,1.00,0,2.16,2.16,2.16,2.16,2.16
2026-07-11T15:31:07.971Z,1.00,1.00,0,1.99,1.99,1.99,1.99,1.99
2026-07-11T15:31:08.971Z,1.00,1.00,0,1.97,1.97,1.97,1.97,1.97
2026-07-11T15:31:09.971Z,1.00,1.00,0,1.73,1.73,1.73,1.73,1.73
2026-07-11T15:31:10.971Z,1.00,1.00,0,1.96,1.96,1.96,1.96,1.96
2026-07-11T15:31:11.971Z,1.00,1.00,0,2.08,2.08,2.08,2.08,2.08
2026-07-11T15:31:12.971Z,1.00,1.00,0,2.04,2.04,2.04,2.04,2.04
2026-07-11T15:31:13.971Z,1.00,1.00,0,2.02,2.02,2.02,2.02,2.02
2026-07-11T15:31:14.971Z,1.00,1.00,0,7.25,7.25,7.25,7.25,7.25
2026-07-11T15:31:15.971Z,1.00,1.00,0,2.07,2.07,2.07,2.07,2.07
2026-07-11T15:31:16.971Z,1.00,1.00,0,1.84,1.84,1.84,1.84,1.84
2026-07-11T15:31:17.971Z,1.00,1.00,0,2.11,2.11,2.11,2.11,2.11
2026-07-11T15:31:18.971Z,1.00,1.00,0,2.09,2.09,2.09,2.09,2.09
2026-07-11T15:31:19.971Z,1.00,1.00,0,7.44,7.44,7.44,7.44,7.44
2026-07-11T15:31:20.971Z,1.00,1.00,0,2.06,2.06,2.06,2.06,2.06
2026-07-11T15:31:21.971Z,1.00,1.00,0,1.90,1.90,1.90,1.90,1.90
2026-07-11T15:31:22.971Z,1.00,1.00,0,2.01,2.01,2.01,2.01,2.01
2026-07-11T15:31:23.971Z,1.00,1.00,0,2.06,2.06,2.06,2.06,2.06
2026-07-11T15:31:24.971Z,1.00,1.00,0,2.11,2.11,2.11,2.11,2.11
2026-07-11T15:31:25.971Z,1.00,1.00,0,2.03,2.03,2.03,2.03,2.03
2026-07-11T15:31:26.971Z,1.00,1.00,0,2.11,2.11,2.11,2.11,2.11
2026-07-11T15:31:27.971Z,1.00,1.00,0,1.91,1.91,1.91,1.91,1.91
2026-07-11T15:31:28.971Z,1.00,1.00,0,7.49,7.49,7.49,7.49,7.49
2026-07-11T15:31:29.971Z,1.00,1.00,0,2.06,2.06,2.06,2.06,2.06
2026-07-11T15:31:30.971Z,1.00,1.00,0,2.10,2.10,2.10,2.10,2.10
2026-07-11T15:31:31.971Z,1.00,1.00,0,2.02,2.02,2.02,2.02,2.02
2026-07-11T15:31:32.971Z,1.00,1.00,0,9.00,9.00,9.00,9.00,9.00
2026-07-11T15:31:33.971Z,1.00,1.00,0,5.15,5.15,5.15,5.15,5.15
2026-07-11T15:31:34.971Z,1.00,1.00,0,2.30,2.30,2.30,2.30,2.30
2026-07-11T15:31:35.971Z,1.00,1.00,0,2.00,2.00,2.00,2.00,2.00
2026-07-11T15:31:36.971Z,1.00,1.00,0,2.09,2.09,2.09,2.09,2.09
2026-07-11T15:31:37.971Z,1.00,1.00,0,7.66,7.66,7.66,7.66,7.66
2026-07-11T15:31:38.971Z,1.00,1.00,0,2.01,2.01,2.01,2.01,2.01
2026-07-11T15:31:39.971Z,1.00,1.00,0,1.98,1.98,1.98,1.98,1.98
2026-07-11T15:31:40.971Z,1.00,1.00,0,1.86,1.86,1.86,1.86,1.86
2026-07-11T15:31:41.971Z,1.00,1.00,0,1.89,1.89,1.89,1.89,1.89
2026-07-11T15:31:42.971Z,1.00,1.00,0,2.10,2.10,2.10,2.10,2.10
2026-07-11T15:31:43.971Z,1.00,1.00,0,2.22,2.22,2.22,2.22,2.22
2026-07-11T15:31:44.971Z,1.00,1.00,0,8.09,8.09,8.09,8.09,8.09
2026-07-11T15:31:45.971Z,1.00,1.00,0,2.23,2.23,2.23,2.23,2.23
2026-07-11T15:31:46.971Z,1.00,1.00,0,2.20,2.20,2.20,2.20,2.20
2026-07-11T15:31:47.971Z,1.00,1.00,0,2.18,2.18,2.18,2.18,2.18
2026-07-11T15:31:48.971Z,1.00,1.00,0,2.28,2.28,2.28,2.28,2.28
2026-07-11T15:31:49.971Z,1.00,1.00,0,1.95,1.95,1.95,1.95,1.95
2026-07-11T15:31:50.971Z,1.00,1.00,0,5.93,5.93,5.93,5.93,5.93
2026-07-11T15:31:51.971Z,1.00,1.00,0,8.97,8.97,8.97,8.97,8.97
2026-07-11T15:31:52.971Z,1.00,1.00,0,2.20,2.20,2.20,2.20,2.20
2026-07-11T15:31:53.971Z,1.00,1.00,0,2.26,2.26,2.26,2.26,2.26
2026-07-11T15:31:54.971Z,1.00,1.00,0,2.26,2.26,2.26,2.26,2.26
2026-07-11T15:31:55.971Z,1.00,0.00,0,0.00,0.00,0.00,0.00,0.00
2026-07-11T15:31:56.971Z,1.00,0.00,0,0.00,0.00,0.00,0.00,0.00
2026-07-11T15:31:57.971Z,1.00,0.00,0,0.00,0.00,0.00,0.00,0.00
2026-07-11T15:31:58.971Z,1.00,1.00,0,9.62,9.62,9.62,9.62,9.62
2026-07-11T15:31:59.971Z,1.00,0.00,0,0.00,0.00,0.00,0.00,0.00
2026-07-11T15:32:00.971Z,1.00,1.00,0,7.36,7.36,7.36,7.36,7.36
2026-07-11T15:32:01.971Z,1.00,1.00,0,3.27,3.27,3.27,3.27,3.27
2026-07-11T15:32:02.971Z,1.00,1.00,0,16.21,16.21,16.21,16.21,16.21
2026-07-11T15:32:03.971Z,1.00,1.00,0,3.11,3.11,3.11,3.11,3.11
2026-07-11T15:32:04.971Z,1.00,1.00,0,12.15,12.15,12.15,12.15,12.15
2026-07-11T15:32:05.971Z,1.00,2.00,0,2.84,9764.86,9764.86,9764.86,9764.86
2026-07-11T15:32:06.971Z,1.00,2.00,0,24.05,7499.78,7499.78,7499.78,7499.78
2026-07-11T15:32:07.971Z,1.00,2.00,0,15.71,12189.70,12189.70,12189.70,12189.70
2026-07-11T15:32:08.971Z,1.00,1.00,0,2.37,2.37,2.37,2.37,2.37
2026-07-11T15:32:09.971Z,1.00,1.00,0,2.56,2.56,2.56,2.56,2.56
2026-07-11T15:32:10.971Z,1.00,2.00,0,10.90,13893.63,13893.63,13893.63,13893.63
2026-07-11T15:32:11.971Z,1.00,1.00,0,7.24,7.24,7.24,7.24,7.24
2026-07-11T15:32:12.971Z,1.00,1.00,0,2.01,2.01,2.01,2.01,2.01
2026-07-11T15:32:13.971Z,1.00,1.00,0,2.30,2.30,2.30,2.30,2.30
2026-07-11T15:32:14.971Z,1.00,1.00,0,6.54,6.54,6.54,6.54,6.54
2026-07-11T15:32:15.971Z,1.00,1.00,0,2.14,2.14,2.14,2.14,2.14
2026-07-11T15:32:16.971Z,1.00,1.00,0,6.62,6.62,6.62,6.62,6.62
2026-07-11T15:32:17.971Z,1.00,0.00,0,0.00,0.00,0.00,0.00,0.00
2026-07-11T15:32:18.971Z,1.00,1.00,0,3.74,3.74,3.74,3.74,3.74
2026-07-11T15:32:19.971Z,0.00,1.00,0,2021.38,2021.38,2021.38,2021.38,2021.38
2026-07-11T15:32:20.971Z,0.00,0.00,0,0.00,0.00,0.00,0.00,0.00
2026-07-11T15:32:21.971Z,0.00,0.00,0,0.00,0.00,0.00,0.00,0.00
2026-07-11T15:32:22.971Z,0.00,0.00,0,0.00,0.00,0.00,0.00,0.00
2026-07-11T15:32:23.971Z,0.00,0.00,0,0.00,0.00,0.00,0.00,0.00
2026-07-11T15:32:24.971Z,0.00,0.00,0,0.00,0.00,0.00,0.00,0.00
2026-07-11T15:32:25.971Z,0.00,0.00,0,0.00,0.00,0.00,0.00,0.00
2026-07-11T15:32:26.971Z,0.00,0.00,0,0.00,0.00,0.00,0.00,0.00
2026-07-11T15:32:27.971Z,0.00,0.00,0,0.00,0.00,0.00,0.00,0.00
2026-07-11T15:32:28.971Z,0.00,0.00,0,0.00,0.00,0.00,0.00,0.00
2026-07-11T15:32:29.971Z,0.00,0.00,0,0.00,0.00,0.00,0.00,0.00
2026-07-11T15:32:30.971Z,0.00,0.00,0,0.00,0.00,0.00,0.00,0.00
2026-07-11T15:32:31.971Z,0.00,0.00,0,0.00,0.00,0.00,0.00,0.00
2026-07-11T15:32:32.971Z,0.00,0.00,0,0.00,0.00,0.00,0.00,0.00
2026-07-11T15:32:33.971Z,0.00,0.00,0,0.00,0.00,0.00,0.00,0.00
2026-07-11T15:32:34.971Z,0.00,0.00,0,0.00,0.00,0.00,0.00,0.00
2026-07-11T15:32:35.971Z,0.00,0.00,0,0.00,0.00,0.00,0.00,0.00
2026-07-11T15:32:36.971Z,0.00,0.00,0,0.00,0.00,0.00,0.00,0.00
2026-07-11T15:32:37.971Z,0.00,0.00,0,0.00,0.00,0.00,0.00,0.00
2026-07-11T15:32:38.971Z,0.00,0.00,0,0.00,0.00,0.00,0.00,0.00
2026-07-11T15:32:39.971Z,0.00,0.00,0,0.00,0.00,0.00,0.00,0.00
2026-07-11T15:32:40.971Z,0.00,0.00,0,0.00,0.00,0.00,0.00,0.00
2026-07-11T15:32:41.971Z,0.00,0.00,0,0.00,0.00,0.00,0.00,0.00
2026-07-11T15:32:42.971Z,0.00,0.00,0,0.00,0.00,0.00,0.00,0.00
2026-07-11T15:32:43.971Z,0.00,0.00,0,0.00,0.00,0.00,0.00,0.00
2026-07-11T15:32:44.971Z,0.00,0.00,0,0.00,0.00,0.00,0.00,0.00
2026-07-11T15:32:45.971Z,0.00,0.00,0,0.00,0.00,0.00,0.00,0.00
2026-07-11T15:32:46.971Z,0.00,0.00,0,0.00,0.00,0.00,0.00,0.00
2026-07-11T15:32:47.971Z,0.00,0.00,0,0.00,0.00,0.00,0.00,0.00
2026-07-11T15:32:48.971Z,0.00,0.00,0,0.00,0.00,0.00,0.00,0.00
2026-07-11T15:32:49.971Z,0.00,0.00,0,0.00,0.00,0.00,0.00,0.00
2026-07-11T15:32:50.971Z,0.00,0.00,0,0.00,0.00,0.00,0.00,0.00
2026-07-11T15:32:51.971Z,0.00,0.00,0,0.00,0.00,0.00,0.00,0.00
2026-07-11T15:32:52.971Z,0.00,0.00,0,0.00,0.00,0.00,0.00,0.00
2026-07-11T15:32:53.971Z,0.00,0.00,0,0.00,0.00,0.00,0.00,0.00
2026-07-11T15:32:54.971Z,0.00,0.00,0,0.00,0.00,0.00,0.00,0.00
2026-07-11T15:32:55.971Z,0.00,0.00,0,0.00,0.00,0.00,0.00,0.00
2026-07-11T15:32:56.971Z,0.00,0.00,0,0.00,0.00,0.00,0.00,0.00
2026-07-11T15:32:57.971Z,0.00,0.00,0,0.00,0.00,0.00,0.00,0.00
2026-07-11T15:32:58.971Z,0.00,0.00,0,0.00,0.00,0.00,0.00,0.00
2026-07-11T15:32:59.971Z,0.00,0.00,0,0.00,0.00,0.00,0.00,0.00
2026-07-11T15:33:00.971Z,0.00,0.00,0,0.00,0.00,0.00,0.00,0.00
2026-07-11T15:33:01.971Z,0.00,0.00,0,0.00,0.00,0.00,0.00,0.00
2026-07-11T15:33:02.971Z,0.00,0.00,0,0.00,0.00,0.00,0.00,0.00
2026-07-11T15:33:03.971Z,0.00,0.00,0,0.00,0.00,0.00,0.00,0.00
2026-07-11T15:33:04.971Z,0.00,0.00,0,0.00,0.00,0.00,0.00,0.00
2026-07-11T15:33:05.971Z,0.00,0.00,0,0.00,0.00,0.00,0.00,0.00
2026-07-11T15:33:06.971Z,0.00,0.00,0,0.00,0.00,0.00,0.00,0.00
2026-07-11T15:33:07.971Z,0.00,0.00,0,0.00,0.00,0.00,0.00,0.00
2026-07-11T15:33:08.971Z,0.00,0.00,0,0.00,0.00,0.00,0.00,0.00
2026-07-11T15:33:09.971Z,0.00,0.00,0,0.00,0.00,0.00,0.00,0.00
2026-07-11T15:33:10.971Z,0.00,0.00,0,0.00,0.00,0.00,0.00,0.00
2026-07-11T15:33:11.971Z,0.00,0.00,0,0.00,0.00,0.00,0.00,0.00
2026-07-11T15:33:12.971Z,0.00,0.00,0,0.00,0.00,0.00,0.00,0.00
2026-07-11T15:33:13.971Z,0.00,0.00,0,0.00,0.00,0.00,0.00,0.00
2026-07-11T15:33:14.971Z,0.00,0.00,0,0.00,0.00,0.00,0.00,0.00
2026-07-11T15:33:15.971Z,0.00,0.00,0,0.00,0.00,0.00,0.00,0.00
2026-07-11T15:33:16.971Z,0.00,0.00,0,0.00,0.00,0.00,0.00,0.00
2026-07-11T15:33:17.971Z,0.00,0.00,0,0.00,0.00,0.00,0.00,0.00
2026-07-11T15:33:18.971Z,0.00,0.00,0,0.00,0.00,0.00,0.00,0.00
2026-07-11T15:33:19.971Z,0.00,0.00,0,0.00,0.00,0.00,0.00,0.00
2026-07-11T15:33:20.971Z,0.00,0.00,0,0.00,0.00,0.00,0.00,0.00
2026-07-11T15:33:21.971Z,0.00,0.00,0,0.00,0.00,0.00,0.00,0.00
2026-07-11T15:33:22.971Z,0.00,0.00,0,0.00,0.00,0.00,0.00,0.00
2026-07-11T15:33:23.971Z,0.00,0.00,0,0.00,0.00,0.00,0.00,0.00
2026-07-11T15:33:24.971Z,0.00,0.00,0,0.00,0.00,0.00,0.00,0.00
2026-07-11T15:33:25.971Z,0.00,0.00,0,0.00,0.00,0.00,0.00,0.00
2026-07-11T15:33:26.971Z,0.00,0.00,0,0.00,0.00,0.00,0.00,0.00
2026-07-11T15:33:27.971Z,0.00,0.00,0,0.00,0.00,0.00,0.00,0.00
2026-07-11T15:33:28.971Z,0.00,0.00,0,0.00,0.00,0.00,0.00,0.00
2026-07-11T15:33:29.971Z,0.00,0.00,0,0.00,0.00,0.00,0.00,0.00
2026-07-11T15:33:30.971Z,0.00,0.00,0,0.00,0.00,0.00,0.00,0.00
2026-07-11T15:33:31.971Z,0.00,0.00,0,0.00,0.00,0.00,0.00,0.00
2026-07-11T15:33:32.971Z,0.00,0.00,0,0.00,0.00,0.00,0.00,0.00
2026-07-11T15:33:33.971Z,0.00,0.00,0,0.00,0.00,0.00,0.00,0.00
2026-07-11T15:33:34.971Z,0.00,0.00,0,0.00,0.00,0.00,0.00,0.00
2026-07-11T15:33:35.971Z,0.00,0.00,0,0.00,0.00,0.00,0.00,0.00
2026-07-11T15:33:36.971Z,0.00,0.00,0,0.00,0.00,0.00,0.00,0.00
2026-07-11T15:33:37.971Z,0.00,0.00,0,0.00,0.00,0.00,0.00,0.00
2026-07-11T15:33:38.971Z,0.00,0.00,0,0.00,0.00,0.00,0.00,0.00
2026-07-11T15:33:39.971Z,0.00,0.00,0,0.00,0.00,0.00,0.00,0.00
2026-07-11T15:33:40.971Z,0.00,0.00,0,0.00,0.00,0.00,0.00,0.00
2026-07-11T15:33:41.971Z,0.00,0.00,0,0.00,0.00,0.00,0.00,0.00
2026-07-11T15:33:42.971Z,0.00,0.00,0,0.00,0.00,0.00,0.00,0.00
2026-07-11T15:33:43.971Z,0.00,0.00,0,0.00,0.00,0.00,0.00,0.00
2026-07-11T15:33:44.971Z,0.00,0.00,0,0.00,0.00,0.00,0.00,0.00
2026-07-11T15:33:45.971Z,0.00,0.00,0,0.00,0.00,0.00,0.00,0.00
2026-07-11T15:33:46.971Z,0.00,0.00,0,0.00,0.00,0.00,0.00,0.00
2026-07-11T15:33:47.971Z,0.00,0.00,0,0.00,0.00,0.00,0.00,0.00
2026-07-11T15:33:48.971Z,0.00,0.00,0,0.00,0.00,0.00,0.00,0.00
2026-07-11T15:33:49.971Z,0.00,0.00,0,0.00,0.00,0.00,0.00,0.00
2026-07-11T15:33:50.971Z,0.00,0.00,0,0.00,0.00,0.00,0.00,0.00
2026-07-11T15:33:51.971Z,0.00,0.00,0,0.00,0.00,0.00,0.00,0.00
2026-07-11T15:33:52.971Z,0.00,0.00,0,0.00,0.00,0.00,0.00,0.00
2026-07-11T15:33:53.971Z,0.00,0.00,0,0.00,0.00,0.00,0.00,0.00
2026-07-11T15:33:54.971Z,0.00,0.00,0,0.00,0.00,0.00,0.00,0.00
2026-07-11T15:33:55.971Z,0.00,0.00,0,0.00,0.00,0.00,0.00,0.00
2026-07-11T15:33:56.971Z,0.00,0.00,0,0.00,0.00,0.00,0.00,0.00
2026-07-11T15:33:57.971Z,0.00,0.00,0,0.00,0.00,0.00,0.00,0.00
2026-07-11T15:33:58.971Z,0.00,0.00,0,0.00,0.00,0.00,0.00,0.00
2026-07-11T15:33:59.971Z,0.00,0.00,0,0.00,0.00,0.00,0.00,0.00
2026-07-11T15:34:00.971Z,0.00,0.00,0,0.00,0.00,0.00,0.00,0.00
2026-07-11T15:34:01.971Z,0.00,0.00,0,0.00,0.00,0.00,0.00,0.00
2026-07-11T15:34:02.971Z,0.00,0.00,0,0.00,0.00,0.00,0.00,0.00
2026-07-11T15:34:03.971Z,0.00,0.00,0,0.00,0.00,0.00,0.00,0.00
2026-07-11T15:34:04.971Z,0.00,0.00,0,0.00,0.00,0.00,0.00,0.00
2026-07-11T15:34:05.971Z,0.00,0.00,0,0.00,0.00,0.00,0.00,0.00
2026-07-11T15:34:06.971Z,0.00,0.00,0,0.00,0.00,0.00,0.00,0.00
2026-07-11T15:34:07.971Z,0.00,0.00,0,0.00,0.00,0.00,0.00,0.00
2026-07-11T15:34:08.971Z,0.00,0.00,0,0.00,0.00,0.00,0.00,0.00
2026-07-11T15:34:09.971Z,0.00,0.00,0,0.00,0.00,0.00,0.00,0.00
2026-07-11T15:34:10.971Z,0.00,0.00,0,0.00,0.00,0.00,0.00,0.00
2026-07-11T15:34:11.971Z,0.00,0.00,0,0.00,0.00,0.00,0.00,0.00
2026-07-11T15:34:12.971Z,0.00,0.00,0,0.00,0.00,0.00,0.00,0.00
2026-07-11T15:34:13.971Z,0.00,0.00,0,0.00,0.00,0.00,0.00,0.00
2026-07-11T15:34:14.971Z,0.00,0.00,0,0.00,0.00,0.00,0.00,0.00
2026-07-11T15:34:15.971Z,0.00,0.00,0,0.00,0.00,0.00,0.00,0.00
2026-07-11T15:34:16.971Z,0.00,0.00,0,0.00,0.00,0.00,0.00,0.00
2026-07-11T15:34:17.971Z,0.00,0.00,0,0.00,0.00,0.00,0.00,0.00
2026-07-11T15:34:18.971Z,0.00,0.00,0,0.00,0.00,0.00,0.00,0.00
