timestamp,pid,cpu_pct,host_cpu_pct,rss_mb,vsz_mb
2026-07-02T04:05:28Z,1409781,0.00,4.95,127.27,3532.87
2026-07-02T04:05:29Z,1409781,0.00,4.88,127.27,3532.87
2026-07-02T04:05:30Z,1409781,0.00,2.97,127.27,3532.87
2026-07-02T04:05:31Z,1409781,0.00,4.90,127.27,3532.87
2026-07-02T04:05:32Z,1409781,0.00,3.92,127.27,3532.87
2026-07-02T04:05:33Z,1409781,136.65,142.03,171.73,3551.82
2026-07-02T04:05:34Z,1409781,55.31,59.22,186.70,3551.82
2026-07-02T04:05:35Z,1409781,14.69,17.73,189.04,3551.82
2026-07-02T04:05:36Z,1409781,6.85,10.78,189.68,3551.82
2026-07-02T04:05:37Z,1409781,6.86,8.91,190.17,3551.82
2026-07-02T04:05:38Z,1409781,3.92,9.80,190.57,3551.82
2026-07-02T04:05:39Z,1409781,3.92,5.91,190.88,3551.82
2026-07-02T04:05:40Z,1409781,2.94,5.88,191.17,3551.82
2026-07-02T04:05:41Z,1409781,7.84,9.85,191.76,3551.82
2026-07-02T04:05:42Z,1409781,3.92,6.90,192.14,3551.82
2026-07-02T04:05:44Z,1409781,1.96,5.88,192.41,3551.82
2026-07-02T04:05:45Z,1409781,2.94,7.88,192.71,3551.82
2026-07-02T04:05:46Z,1409781,10.77,45.10,193.46,3551.82
2026-07-02T04:05:47Z,1409781,2.94,6.86,193.79,3551.82
2026-07-02T04:05:48Z,1409781,4.90,6.90,194.18,3551.82
2026-07-02T04:05:49Z,1409781,1.96,5.88,194.45,3551.82
2026-07-02T04:05:50Z,1409781,6.86,22.66,195.11,3551.82
2026-07-02T04:05:51Z,1409781,4.89,8.82,195.48,3551.82
2026-07-02T04:05:52Z,1409781,6.85,10.78,195.86,3551.82
2026-07-02T04:05:53Z,1409781,2.94,5.91,195.96,3551.82
2026-07-02T04:05:54Z,1409781,3.92,6.90,196.14,3551.82
2026-07-02T04:05:55Z,1409781,2.94,6.86,196.24,3551.82
2026-07-02T04:05:56Z,1409781,2.94,6.86,196.28,3551.82
2026-07-02T04:05:57Z,1409781,2.94,5.91,196.31,3551.82
2026-07-02T04:05:58Z,1409781,3.92,7.84,196.46,3551.82
2026-07-02T04:05:59Z,1409781,2.94,6.90,196.59,3551.82
2026-07-02T04:06:00Z,1409781,30.37,31.53,200.09,3552.82
2026-07-02T04:06:01Z,1409781,10.77,15.61,200.34,3552.82
2026-07-02T04:06:02Z,1409781,9.78,11.88,200.71,3552.82
2026-07-02T04:06:03Z,1409781,3.92,8.78,200.83,3552.82
2026-07-02T04:06:04Z,1409781,5.88,8.87,201.02,3552.82
2026-07-02T04:06:05Z,1409781,6.86,9.80,201.06,3552.82
2026-07-02T04:06:06Z,1409781,0.98,5.91,201.08,3552.82
2026-07-02T04:06:07Z,1409781,36.22,39.22,203.00,3552.82
2026-07-02T04:06:08Z,1409781,3.92,7.84,203.14,3552.82
2026-07-02T04:06:09Z,1409781,5.86,8.78,203.36,3552.82
2026-07-02T04:06:10Z,1409781,1.96,3.96,203.39,3552.82
2026-07-02T04:06:11Z,1409781,3.92,5.91,203.45,3552.82
2026-07-02T04:06:12Z,1409781,3.92,7.84,203.50,3552.82
2026-07-02T04:06:13Z,1409781,2.94,5.91,203.52,3552.82
2026-07-02T04:06:14Z,1409781,1.96,4.93,203.56,3552.82
2026-07-02T04:06:15Z,1409781,2.94,6.86,203.89,3552.82
2026-07-02T04:06:16Z,1409781,18.62,20.69,204.14,3552.82
2026-07-02T04:06:17Z,1409781,0.98,4.93,204.14,3552.82
2026-07-02T04:06:18Z,1409781,4.90,5.91,204.18,3552.82
2026-07-02T04:06:19Z,1409781,1.96,4.90,204.22,3552.82
2026-07-02T04:06:20Z,1409781,13.70,17.73,204.41,3552.82
2026-07-02T04:06:21Z,1409781,3.92,7.80,204.43,3552.82
2026-07-02T04:06:22Z,1409781,10.77,12.81,204.65,3552.82
2026-07-02T04:06:23Z,1409781,1.96,4.93,204.68,3552.82
2026-07-02T04:06:24Z,1409781,0.98,3.92,204.69,3552.82
2026-07-02T04:06:25Z,1409781,3.92,5.94,204.89,3552.82
2026-07-02T04:06:26Z,1409781,6.86,8.87,204.99,3552.82
2026-07-02T04:06:27Z,1409781,3.91,34.31,205.14,3552.82
2026-07-02T04:06:28Z,1409781,3.91,13.73,205.18,3552.82
2026-07-02T04:06:29Z,1409781,2.94,4.90,205.26,3552.82
2026-07-02T04:06:30Z,1409781,1.96,3.94,205.28,3552.82
2026-07-02T04:06:32Z,1409781,1.96,4.90,205.29,3552.82
2026-07-02T04:06:33Z,1409781,1.96,4.93,205.32,3552.82
2026-07-02T04:06:34Z,1409781,3.92,7.84,205.21,3552.82
2026-07-02T04:06:35Z,1409781,3.92,6.86,205.23,3552.82
2026-07-02T04:06:36Z,1409781,2.94,4.95,205.27,3552.82
2026-07-02T04:06:37Z,1409781,3.92,8.82,205.30,3552.82
2026-07-02T04:06:38Z,1409781,6.86,10.73,205.36,3552.82
2026-07-02T04:06:39Z,1409781,7.83,8.91,205.44,3552.82
2026-07-02T04:06:40Z,1409781,1.96,4.90,205.49,3552.82
2026-07-02T04:06:41Z,1409781,1.96,6.90,205.53,3552.82
2026-07-02T04:06:42Z,1409781,0.98,4.90,205.54,3552.82
2026-07-02T04:06:43Z,1409781,1.96,3.94,205.55,3552.82
2026-07-02T04:06:44Z,1409781,12.73,14.71,205.61,3552.82
2026-07-02T04:06:45Z,1409781,0.98,3.94,205.61,3552.82
2026-07-02T04:06:46Z,1409781,7.84,9.85,205.65,3552.82
2026-07-02T04:06:47Z,1409781,0.98,8.74,205.68,3552.82
2026-07-02T04:06:48Z,1409781,1.96,6.93,205.70,3552.82
2026-07-02T04:06:49Z,1409781,2.94,4.95,205.72,3552.82
2026-07-02T04:06:50Z,1409781,1.96,5.85,205.74,3552.82
2026-07-02T04:06:51Z,1409781,8.80,12.75,206.04,3552.82
2026-07-02T04:06:52Z,1409781,3.92,7.88,206.09,3552.82
2026-07-02T04:06:53Z,1409781,3.92,8.82,206.16,3552.82
2026-07-02T04:06:54Z,1409781,3.92,4.93,206.18,3552.82
2026-07-02T04:06:55Z,1409781,7.84,11.76,206.23,3552.82
2026-07-02T04:06:56Z,1409781,0.98,33.50,206.23,3552.82
2026-07-02T04:06:57Z,1409781,4.90,8.82,206.32,3552.82
2026-07-02T04:06:58Z,1409781,1.96,5.85,206.32,3552.82
2026-07-02T04:06:59Z,1409781,14.69,15.84,206.39,3552.82
2026-07-02T04:07:00Z,1409781,0.98,3.94,206.39,3552.82
2026-07-02T04:07:01Z,1409781,2.94,4.93,206.47,3552.82
2026-07-02T04:07:02Z,1409781,1.96,5.88,206.34,3552.82
2026-07-02T04:07:03Z,1409781,1.96,3.94,206.34,3552.82
2026-07-02T04:07:04Z,1409781,1.96,4.95,206.38,3552.82
2026-07-02T04:07:05Z,1409781,0.98,3.92,206.38,3552.82
2026-07-02T04:07:06Z,1409781,1.96,4.90,206.39,3552.82
2026-07-02T04:07:07Z,1409781,3.92,7.84,206.50,3552.82
2026-07-02T04:07:08Z,1409781,2.94,4.93,206.55,3552.82
2026-07-02T04:07:09Z,1409781,0.98,31.37,206.55,3552.82
2026-07-02T04:07:10Z,1409781,0.98,23.53,206.55,3552.82
2026-07-02T04:07:11Z,1409781,2.94,6.86,206.55,3552.82
2026-07-02T04:07:12Z,1409781,1.96,3.92,206.56,3552.82
2026-07-02T04:07:13Z,1409781,8.82,11.82,206.74,3552.82
2026-07-02T04:07:14Z,1409781,1.96,4.90,206.74,3552.82
2026-07-02T04:07:15Z,1409781,3.92,6.90,206.92,3552.82
2026-07-02T04:07:16Z,1409781,12.73,18.45,206.99,3552.82
2026-07-02T04:07:17Z,1409781,7.84,8.87,207.03,3552.82
2026-07-02T04:07:18Z,1409781,0.98,4.90,207.03,3552.82
2026-07-02T04:07:19Z,1409781,6.85,9.85,207.10,3552.82
2026-07-02T04:07:21Z,1409781,0.98,3.94,207.11,3552.82
2026-07-02T04:07:22Z,1409781,12.74,15.69,207.21,3552.82
2026-07-02T04:07:23Z,1409781,0.98,4.93,207.21,3552.82
2026-07-02T04:07:24Z,1409781,1.96,5.88,207.22,3552.82
2026-07-02T04:07:25Z,1409781,1.96,4.90,207.10,3552.82
2026-07-02T04:07:26Z,1409781,2.94,5.91,207.25,3552.82
2026-07-02T04:07:27Z,1409781,4.89,8.78,207.43,3552.82
2026-07-02T04:07:28Z,1409781,0.98,3.92,207.43,3552.82
2026-07-02T04:07:29Z,1409781,0.98,3.94,207.43,3552.82
2026-07-02T04:07:30Z,1409781,0.98,4.90,207.43,3552.82
2026-07-02T04:07:31Z,1409781,3.92,8.82,207.45,3552.82
2026-07-02T04:07:32Z,1409781,0.98,3.92,207.32,3552.82
2026-07-02T04:07:33Z,1409781,2.94,4.93,207.33,3552.82
2026-07-02T04:07:34Z,1409781,3.92,6.86,207.35,3552.82
2026-07-02T04:07:35Z,1409781,2.94,4.95,207.36,3552.82
2026-07-02T04:07:36Z,1409781,1.96,4.90,207.36,3552.82
2026-07-02T04:07:37Z,1409781,2.94,6.86,207.48,3552.82
2026-07-02T04:07:38Z,1409781,2.94,5.88,207.48,3552.82
2026-07-02T04:07:39Z,1409781,1.96,4.90,207.49,3552.82
2026-07-02T04:07:40Z,1409781,1.96,3.96,207.66,3552.82
2026-07-02T04:07:41Z,1409781,1.96,5.85,207.68,3552.82
2026-07-02T04:07:42Z,1409781,0.00,2.96,207.68,3552.82
2026-07-02T04:07:43Z,1409781,1.96,2.96,207.68,3552.82
2026-07-02T04:07:44Z,1409781,2.94,6.86,207.77,3552.82
2026-07-02T04:07:45Z,1409781,0.98,36.27,207.79,3552.82
2026-07-02T04:07:46Z,1409781,10.75,13.66,207.82,3552.82
2026-07-02T04:07:47Z,1409781,6.85,9.85,207.87,3552.82
2026-07-02T04:07:48Z,1409781,1.96,2.96,207.87,3552.82
2026-07-02T04:07:49Z,1409781,0.98,3.94,207.92,3552.82
2026-07-02T04:07:50Z,1409781,0.98,3.94,207.93,3552.82
2026-07-02T04:07:51Z,1409781,2.94,6.86,207.82,3552.82
2026-07-02T04:07:52Z,1409781,3.90,7.84,208.01,3552.82
2026-07-02T04:07:53Z,1409781,1.96,3.92,208.02,3552.82
2026-07-02T04:07:54Z,1409781,0.98,3.94,208.02,3552.82
2026-07-02T04:07:55Z,1409781,13.73,15.84,208.18,3552.82
2026-07-02T04:07:56Z,1409781,0.00,4.90,208.19,3552.82
2026-07-02T04:07:57Z,1409781,4.90,6.90,208.09,3552.82
2026-07-02T04:07:58Z,1409781,0.98,4.90,208.09,3552.82
2026-07-02T04:07:59Z,1409781,1.96,4.90,208.09,3552.82
2026-07-02T04:08:00Z,1409781,1.96,3.94,208.11,3552.82
2026-07-02T04:08:01Z,1409781,1.96,4.90,208.11,3552.82
2026-07-02T04:08:02Z,1409781,1.96,3.94,208.12,3552.82
2026-07-02T04:08:03Z,1409781,13.71,15.76,208.16,3552.82
2026-07-02T04:08:04Z,1409781,1.96,3.94,208.16,3552.82
2026-07-02T04:08:05Z,1409781,0.98,5.88,208.17,3552.82
2026-07-02T04:08:06Z,1409781,0.98,34.31,208.17,3552.82
2026-07-02T04:08:07Z,1409781,1.96,4.90,208.18,3552.82
2026-07-02T04:08:09Z,1409781,6.86,8.87,208.37,3552.82
2026-07-02T04:08:10Z,1409781,5.88,9.76,208.46,3552.82
2026-07-02T04:08:11Z,1409781,1.96,3.94,208.47,3552.82
2026-07-02T04:08:12Z,1409781,3.92,6.90,208.50,3552.82
2026-07-02T04:08:13Z,1409781,0.98,5.88,208.50,3552.82
2026-07-02T04:08:14Z,1409781,13.71,18.54,208.55,3552.82
2026-07-02T04:08:15Z,1409781,20.57,22.77,208.70,3552.82
2026-07-02T04:08:16Z,1409781,21.55,28.43,208.79,3552.82
2026-07-02T04:08:17Z,1409781,3.92,7.84,208.81,3552.82
2026-07-02T04:08:18Z,1409781,3.92,6.86,208.83,3552.82
2026-07-02T04:08:19Z,1409781,0.98,3.92,208.83,3552.82
2026-07-02T04:08:20Z,1409781,2.94,5.88,208.84,3552.82
2026-07-02T04:08:21Z,1409781,0.98,4.90,208.84,3552.82
2026-07-02T04:08:22Z,1409781,0.98,3.94,208.74,3552.82
2026-07-02T04:08:23Z,1409781,0.98,6.90,208.74,3552.82
2026-07-02T04:08:24Z,1409781,1.96,4.88,208.74,3552.82
2026-07-02T04:08:25Z,1409781,0.00,2.96,208.74,3552.82
2026-07-02T04:08:26Z,1409781,1.96,4.90,208.74,3552.82
2026-07-02T04:08:27Z,1409781,0.98,3.94,208.74,3552.82
2026-07-02T04:08:28Z,1409781,0.00,3.92,208.74,3552.82
2026-07-02T04:08:29Z,1409781,4.90,7.80,208.75,3552.82
2026-07-02T04:08:30Z,1409781,0.00,2.97,208.75,3552.82
2026-07-02T04:08:31Z,1409781,1.96,4.90,208.75,3552.82
2026-07-02T04:08:32Z,1409781,0.00,2.94,208.75,3552.82
2026-07-02T04:08:33Z,1409781,0.98,2.96,208.75,3552.82
2026-07-02T04:08:34Z,1409781,2.93,11.71,208.77,3552.82
2026-07-02T04:08:35Z,1409781,8.80,41.18,208.79,3552.82
2026-07-02T04:08:36Z,1409781,3.92,6.86,208.90,3552.82
2026-07-02T04:08:37Z,1409781,0.98,2.96,208.90,3552.82
2026-07-02T04:08:38Z,1409781,4.90,8.87,213.95,3552.82
2026-07-02T04:08:39Z,1409781,1.96,2.96,213.95,3552.82
2026-07-02T04:08:40Z,1409781,0.98,3.92,213.96,3552.82
2026-07-02T04:08:41Z,1409781,0.98,5.88,213.97,3552.82
2026-07-02T04:08:42Z,1409781,2.94,5.91,214.02,3552.82
2026-07-02T04:08:43Z,1409781,1.96,3.94,214.14,3552.82
2026-07-02T04:08:44Z,1409781,1.96,4.90,214.15,3552.82
2026-07-02T04:08:45Z,1409781,0.00,4.88,214.15,3552.82
2026-07-02T04:08:46Z,1409781,1.96,3.94,214.19,3552.82
2026-07-02T04:08:47Z,1409781,0.00,2.96,214.05,3552.82
2026-07-02T04:08:48Z,1409781,0.98,3.94,214.05,3552.82
2026-07-02T04:08:49Z,1409781,0.98,3.92,214.06,3552.82
2026-07-02T04:08:50Z,1409781,0.00,2.96,214.06,3552.82
2026-07-02T04:08:51Z,1409781,1.96,2.96,214.06,3552.82
2026-07-02T04:08:52Z,1409781,0.98,4.90,214.07,3552.82
2026-07-02T04:08:53Z,1409781,3.91,7.84,214.07,3552.82
2026-07-02T04:08:54Z,1409781,10.76,12.81,214.11,3552.82
2026-07-02T04:08:55Z,1409781,0.98,34.31,214.11,3552.82
2026-07-02T04:08:56Z,1409781,3.92,5.88,214.12,3552.82
2026-07-02T04:08:58Z,1409781,0.98,3.92,214.12,3552.82
2026-07-02T04:08:59Z,1409781,0.98,4.90,214.12,3552.82
2026-07-02T04:09:00Z,1409781,0.98,4.88,214.12,3552.82
2026-07-02T04:09:01Z,1409781,1.96,3.94,214.28,3552.82
2026-07-02T04:09:02Z,1409781,0.98,4.90,214.28,3552.82
2026-07-02T04:09:03Z,1409781,3.92,7.88,214.29,3552.82
2026-07-02T04:09:04Z,1409781,1.96,4.88,214.29,3552.82
2026-07-02T04:09:05Z,1409781,0.98,3.94,214.29,3552.82
2026-07-02T04:09:06Z,1409781,0.00,2.96,214.16,3552.82
2026-07-02T04:09:07Z,1409781,1.96,4.88,214.16,3552.82
2026-07-02T04:09:08Z,1409781,1.96,3.94,214.30,3552.82
2026-07-02T04:09:09Z,1409781,0.00,3.94,214.30,3552.82
2026-07-02T04:09:10Z,1409781,2.94,5.91,214.32,3552.82
2026-07-02T04:09:11Z,1409781,7.83,10.78,214.34,3552.82
2026-07-02T04:09:12Z,1409781,4.90,7.88,214.38,3552.82
2026-07-02T04:09:13Z,1409781,0.00,3.92,214.38,3552.82
2026-07-02T04:09:14Z,1409781,1.96,2.97,214.41,3552.82
2026-07-02T04:09:15Z,1409781,1.96,4.90,214.41,3552.82
2026-07-02T04:09:16Z,1409781,0.98,5.85,214.41,3552.82
2026-07-02T04:09:17Z,1409781,5.87,9.80,214.30,3552.82
2026-07-02T04:09:18Z,1409781,1.96,3.94,214.30,3552.82
2026-07-02T04:09:19Z,1409781,0.98,2.96,214.30,3552.82
2026-07-02T04:09:20Z,1409781,0.98,4.90,214.31,3552.82
2026-07-02T04:09:21Z,1409781,0.98,3.94,214.31,3552.82
2026-07-02T04:09:22Z,1409781,0.98,3.92,214.31,3552.82
2026-07-02T04:09:23Z,1409781,0.98,4.93,214.31,3552.82
2026-07-02T04:09:24Z,1409781,0.98,4.88,214.32,3552.82
2026-07-02T04:09:25Z,1409781,2.94,3.96,214.38,3552.82
2026-07-02T04:09:26Z,1409781,4.90,7.84,214.39,3552.82
2026-07-02T04:09:27Z,1409781,0.98,3.94,214.56,3552.82
2026-07-02T04:09:28Z,1409781,1.96,4.90,214.56,3552.82
2026-07-02T04:09:29Z,1409781,0.98,5.88,214.57,3552.82
2026-07-02T04:09:30Z,1409781,1.96,3.94,214.57,3552.82
2026-07-02T04:09:31Z,1409781,1.96,3.92,214.61,3552.82
2026-07-02T04:09:32Z,1409781,0.98,4.93,214.62,3552.82
2026-07-02T04:09:33Z,1409781,3.92,6.86,214.63,3552.82
2026-07-02T04:09:34Z,1409781,1.96,3.94,214.64,3552.82
2026-07-02T04:09:35Z,1409781,1.96,5.88,214.70,3552.82
2026-07-02T04:09:36Z,1409781,1.96,5.88,214.70,3552.82
2026-07-02T04:09:37Z,1409781,0.98,34.31,214.70,3552.82
2026-07-02T04:09:38Z,1409781,0.98,2.96,214.70,3552.82
2026-07-02T04:09:39Z,1409781,0.98,5.85,214.71,3552.82
2026-07-02T04:09:40Z,1409781,2.94,2.97,214.73,3552.82
2026-07-02T04:09:41Z,1409781,0.98,4.90,214.73,3552.82
2026-07-02T04:09:42Z,1409781,1.96,3.92,214.73,3552.82
2026-07-02T04:09:43Z,1409781,0.98,4.93,214.75,3552.82
2026-07-02T04:09:44Z,1409781,0.98,3.94,214.75,3552.82
2026-07-02T04:09:45Z,1409781,0.98,2.96,214.61,3552.82
2026-07-02T04:09:47Z,1409781,2.94,5.91,214.62,3552.82
2026-07-02T04:09:48Z,1409781,1.96,3.92,214.62,3552.82
2026-07-02T04:09:49Z,1409781,0.98,3.92,214.62,3552.82
2026-07-02T04:09:50Z,1409781,0.00,3.92,214.62,3552.82
2026-07-02T04:09:51Z,1409781,1.96,4.93,214.65,3552.82
2026-07-02T04:09:52Z,1409781,1.96,4.90,214.66,3552.82
2026-07-02T04:09:53Z,1409781,0.98,4.90,214.79,3552.82
2026-07-02T04:09:54Z,1409781,0.98,22.66,214.79,3552.82
2026-07-02T04:09:55Z,1409781,0.00,3.92,214.79,3552.82
2026-07-02T04:09:56Z,1409781,1.96,3.94,214.81,3552.82
2026-07-02T04:09:57Z,1409781,0.98,2.94,214.81,3552.82
2026-07-02T04:09:58Z,1409781,0.00,4.93,214.68,3552.82
2026-07-02T04:09:59Z,1409781,1.96,4.90,214.82,3552.82
2026-07-02T04:10:00Z,1409781,0.98,3.92,214.82,3552.82
2026-07-02T04:10:01Z,1409781,2.94,6.90,214.88,3552.82
2026-07-02T04:10:02Z,1409781,1.96,3.92,214.88,3552.82
2026-07-02T04:10:03Z,1409781,2.94,5.91,214.88,3552.82
2026-07-02T04:10:04Z,1409781,0.00,2.96,214.88,3552.82
2026-07-02T04:10:05Z,1409781,1.96,23.41,214.88,3552.82
2026-07-02T04:10:06Z,1409781,0.00,17.56,214.75,3552.82
2026-07-02T04:10:07Z,1409781,0.98,3.92,214.75,3552.82
2026-07-02T04:10:08Z,1409781,2.94,3.94,214.89,3552.82
2026-07-02T04:10:09Z,1409781,1.96,4.93,214.90,3552.82
2026-07-02T04:10:10Z,1409781,0.98,4.88,214.90,3552.82
2026-07-02T04:10:11Z,1409781,0.00,6.90,214.90,3552.82
2026-07-02T04:10:12Z,1409781,0.98,3.92,214.90,3552.82
2026-07-02T04:10:13Z,1409781,0.00,3.92,214.77,3552.82
2026-07-02T04:10:14Z,1409781,2.94,3.94,214.77,3552.82
2026-07-02T04:10:15Z,1409781,0.00,3.92,214.77,3552.82
2026-07-02T04:10:16Z,1409781,1.96,4.90,214.91,3552.82
2026-07-02T04:10:17Z,1409781,0.00,3.92,214.91,3552.82
2026-07-02T04:10:18Z,1409781,1.96,4.88,214.93,3552.82
2026-07-02T04:10:19Z,1409781,0.00,4.90,214.93,3552.82
2026-07-02T04:10:20Z,1409781,0.98,2.97,214.93,3552.82
2026-07-02T04:10:21Z,1409781,1.96,3.92,214.80,3552.82
2026-07-02T04:10:22Z,1409781,5.88,8.82,214.83,3552.82
2026-07-02T04:10:23Z,1409781,2.94,5.91,214.84,3552.82
2026-07-02T04:10:24Z,1409781,13.72,17.65,214.89,3552.82
2026-07-02T04:10:25Z,1409781,2.94,5.88,215.04,3552.82
2026-07-02T04:10:26Z,1409781,2.94,37.25,215.05,3552.82
2026-07-02T04:10:27Z,1409781,0.00,2.96,215.05,3552.82
2026-07-02T04:10:28Z,1409781,1.96,4.90,215.06,3552.82
2026-07-02T04:10:29Z,1409781,0.98,2.96,215.06,3552.82
2026-07-02T04:10:30Z,1409781,0.00,3.92,215.06,3552.82
2026-07-02T04:10:31Z,1409781,0.00,3.92,215.06,3552.82
2026-07-02T04:10:32Z,1409781,0.00,3.92,215.06,3552.82
2026-07-02T04:10:33Z,1409781,1.96,3.94,215.04,3552.82
2026-07-02T04:10:35Z,1409781,6.86,7.88,215.08,3552.82
2026-07-02T04:10:36Z,1409781,17.57,21.57,215.18,3552.82
2026-07-02T04:10:37Z,1409781,6.85,7.88,215.39,3552.82
2026-07-02T04:10:38Z,1409781,1.95,6.86,215.42,3552.82
2026-07-02T04:10:39Z,1409781,3.91,6.83,215.43,3552.82
2026-07-02T04:10:40Z,1409781,11.73,15.69,215.46,3552.82
2026-07-02T04:10:41Z,1409781,34.24,72.20,215.64,3552.82
2026-07-02T04:10:42Z,1409781,4.90,9.80,215.52,3552.82
2026-07-02T04:10:43Z,1409781,3.92,4.95,215.54,3552.82
2026-07-02T04:10:44Z,1409781,0.98,5.88,215.54,3552.82
2026-07-02T04:10:45Z,1409781,3.92,4.93,215.71,3552.82
2026-07-02T04:10:46Z,1409781,28.32,33.33,220.36,3552.82
2026-07-02T04:10:47Z,1409781,10.75,13.66,222.83,3552.82
2026-07-02T04:10:48Z,1409781,0.98,3.94,222.84,3552.82
2026-07-02T04:10:49Z,1409781,1.96,4.93,222.88,3552.82
2026-07-02T04:10:50Z,1409781,7.84,11.76,222.80,3552.82
2026-07-02T04:10:51Z,1409781,6.86,7.88,222.84,3552.82
2026-07-02T04:10:52Z,1409781,3.92,6.86,222.85,3552.82
2026-07-02T04:10:53Z,1409781,0.00,3.94,222.85,3552.82
2026-07-02T04:10:54Z,1409781,1.96,4.90,222.86,3552.82
2026-07-02T04:10:55Z,1409781,9.79,10.89,222.92,3552.82
2026-07-02T04:10:56Z,1409781,2.94,6.86,223.09,3552.82
2026-07-02T04:10:57Z,1409781,3.92,6.86,223.10,3552.82
2026-07-02T04:10:58Z,1409781,7.83,10.84,223.12,3552.82
2026-07-02T04:10:59Z,1409781,2.94,4.93,223.12,3552.82
2026-07-02T04:11:00Z,1409781,2.94,4.93,223.16,3552.82
2026-07-02T04:11:01Z,1409781,6.86,8.91,223.32,3552.82
2026-07-02T04:11:02Z,1409781,5.88,8.82,223.50,3552.82
2026-07-02T04:11:03Z,1409781,3.92,5.91,223.52,3552.82
2026-07-02T04:11:04Z,1409781,8.82,10.84,223.54,3552.82
2026-07-02T04:11:05Z,1409781,7.84,10.84,223.56,3552.82
2026-07-02T04:11:06Z,1409781,3.92,6.86,223.57,3552.82
2026-07-02T04:11:07Z,1409781,1.96,2.99,223.43,3552.82
2026-07-02T04:11:08Z,1409781,1.96,5.85,223.47,3552.82
2026-07-02T04:11:09Z,1409781,2.94,4.93,223.47,3552.82
2026-07-02T04:11:10Z,1409781,3.92,6.90,223.49,3552.82
2026-07-02T04:11:11Z,1409781,0.98,2.96,223.49,3552.82
2026-07-02T04:11:12Z,1409781,0.98,2.96,223.50,3552.82
2026-07-02T04:11:13Z,1409781,0.00,3.90,223.50,3552.82
2026-07-02T04:11:14Z,1409781,4.89,7.88,223.50,3552.82
2026-07-02T04:11:15Z,1409781,16.63,18.63,223.75,3552.82
2026-07-02T04:11:16Z,1409781,1.96,3.94,223.75,3552.82
2026-07-02T04:11:17Z,1409781,1.96,3.96,223.76,3552.82
2026-07-02T04:11:18Z,1409781,1.96,3.94,223.76,3552.82
2026-07-02T04:11:19Z,1409781,5.87,8.78,223.77,3552.82
2026-07-02T04:11:20Z,1409781,8.82,11.82,223.70,3552.82
2026-07-02T04:11:21Z,1409781,2.94,4.93,223.71,3552.82
2026-07-02T04:11:23Z,1409781,5.88,8.87,223.74,3552.82
2026-07-02T04:11:24Z,1409781,0.98,3.92,223.74,3552.82
2026-07-02T04:11:25Z,1409781,0.98,2.96,223.74,3552.82
2026-07-02T04:11:26Z,1409781,18.55,23.41,223.95,3552.82
2026-07-02T04:11:27Z,1409781,2.94,3.96,223.96,3552.82
2026-07-02T04:11:28Z,1409781,2.94,6.83,223.98,3552.82
2026-07-02T04:11:29Z,1409781,4.90,7.80,224.04,3552.82
2026-07-02T04:11:30Z,1409781,15.67,17.82,224.08,3552.82
2026-07-02T04:11:31Z,1409781,2.94,4.95,224.09,3552.82
2026-07-02T04:11:32Z,1409781,5.88,7.84,224.11,3552.82
2026-07-02T04:11:33Z,1409781,3.92,6.90,224.12,3552.82
2026-07-02T04:11:34Z,1409781,2.94,4.93,224.14,3552.82
2026-07-02T04:11:35Z,1409781,1.96,4.90,224.14,3552.82
2026-07-02T04:11:36Z,1409781,19.51,22.55,224.25,3552.82
2026-07-02T04:11:37Z,1409781,1.96,3.96,224.25,3552.82
2026-07-02T04:11:38Z,1409781,2.94,5.88,224.26,3552.82
2026-07-02T04:11:39Z,1409781,16.66,19.61,224.19,3552.82
2026-07-02T04:11:40Z,1409781,2.94,4.93,224.19,3552.82
2026-07-02T04:11:41Z,1409781,2.94,5.91,224.21,3552.82
2026-07-02T04:11:42Z,1409781,13.72,15.76,224.25,3552.82
2026-07-02T04:11:43Z,1409781,2.94,5.88,224.26,3552.82
2026-07-02T04:11:44Z,1409781,2.94,4.93,224.41,3552.82
2026-07-02T04:11:45Z,1409781,4.90,6.90,224.41,3552.82
2026-07-02T04:11:46Z,1409781,6.86,10.78,224.43,3552.82
2026-07-02T04:11:47Z,1409781,3.92,5.88,224.45,3552.82
2026-07-02T04:11:48Z,1409781,4.90,5.94,224.47,3552.82
2026-07-02T04:11:49Z,1409781,8.80,12.75,224.36,3552.82
2026-07-02T04:11:50Z,1409781,2.94,5.88,224.37,3552.82
2026-07-02T04:11:51Z,1409781,1.96,2.97,224.37,3552.82
2026-07-02T04:11:52Z,1409781,2.93,6.83,224.37,3552.82
2026-07-02T04:11:53Z,1409781,1.96,4.95,224.53,3552.82
2026-07-02T04:11:54Z,1409781,3.92,4.93,224.54,3552.82
2026-07-02T04:11:55Z,1409781,2.94,5.88,224.56,3552.82
2026-07-02T04:11:56Z,1409781,6.86,8.91,224.59,3552.82
2026-07-02T04:11:57Z,1409781,5.88,7.92,224.64,3552.82
2026-07-02T04:11:58Z,1409781,2.94,4.93,224.66,3552.82
2026-07-02T04:11:59Z,1409781,1.96,3.94,224.66,3552.82
2026-07-02T04:12:00Z,1409781,0.98,3.92,224.56,3552.82
2026-07-02T04:12:01Z,1409781,0.98,4.88,224.56,3552.82
2026-07-02T04:12:02Z,1409781,0.98,2.96,224.56,3552.82
2026-07-02T04:12:03Z,1409781,1.96,6.86,224.57,3552.82
2026-07-02T04:12:04Z,1409781,0.98,2.96,224.57,3552.82
2026-07-02T04:12:05Z,1409781,0.00,3.92,224.58,3552.82
2026-07-02T04:12:06Z,1409781,0.98,3.94,224.58,3552.82
2026-07-02T04:12:07Z,1409781,4.89,6.86,224.76,3552.82
2026-07-02T04:12:08Z,1409781,15.66,18.63,224.82,3552.82
2026-07-02T04:12:09Z,1409781,3.92,7.84,224.83,3552.82
2026-07-02T04:12:11Z,1409781,6.86,6.97,224.84,3552.82
2026-07-02T04:12:12Z,1409781,13.69,18.63,224.87,3552.82
2026-07-02T04:12:13Z,1409781,19.51,22.44,224.99,3552.82
2026-07-02T04:12:14Z,1409781,2.93,4.90,225.00,3552.82
2026-07-02T04:12:15Z,1409781,6.86,7.88,225.01,3552.82
2026-07-02T04:12:16Z,1409781,2.94,5.88,225.03,3552.82
2026-07-02T04:12:17Z,1409781,2.94,4.95,225.04,3552.82
2026-07-02T04:12:18Z,1409781,4.88,8.82,225.07,3552.82
2026-07-02T04:12:19Z,1409781,0.98,2.96,225.07,3552.82
2026-07-02T04:12:20Z,1409781,1.96,3.94,225.07,3552.82
2026-07-02T04:12:21Z,1409781,0.98,3.90,225.07,3552.82
2026-07-02T04:12:22Z,1409781,0.98,2.96,225.07,3552.82
2026-07-02T04:12:23Z,1409781,0.00,2.96,224.93,3552.82
2026-07-02T04:12:24Z,1409781,0.00,2.94,224.93,3552.82
2026-07-02T04:12:25Z,1409781,0.98,3.92,224.93,3552.82
2026-07-02T04:12:26Z,1409781,0.00,3.92,224.94,3552.82
2026-07-02T04:12:27Z,1409781,2.94,4.90,224.99,3552.82
2026-07-02T04:12:28Z,1409781,2.94,4.93,225.13,3552.82
2026-07-02T04:12:29Z,1409781,0.98,3.94,225.14,3552.82
2026-07-02T04:12:30Z,1409781,1.96,3.96,225.15,3552.82
2026-07-02T04:12:31Z,1409781,6.86,9.76,225.23,3552.82
2026-07-02T04:12:32Z,1409781,1.96,4.90,225.23,3552.82
2026-07-02T04:12:33Z,1409781,4.90,6.93,225.25,3552.82
2026-07-02T04:12:34Z,1409781,1.96,3.92,225.25,3552.82
2026-07-02T04:12:35Z,1409781,0.98,2.96,225.25,3552.82
2026-07-02T04:12:36Z,1409781,1.96,5.88,225.12,3552.82
2026-07-02T04:12:37Z,1409781,1.96,2.96,225.12,3552.82
2026-07-02T04:12:38Z,1409781,8.81,11.76,225.30,3552.82
2026-07-02T04:12:39Z,1409781,1.96,2.99,225.30,3552.82
2026-07-02T04:12:40Z,1409781,3.92,6.90,225.33,3552.82
2026-07-02T04:12:41Z,1409781,2.94,5.88,225.33,3552.82
2026-07-02T04:12:42Z,1409781,0.98,3.94,225.33,3552.82
2026-07-02T04:12:43Z,1409781,0.00,3.90,225.33,3552.82
2026-07-02T04:12:44Z,1409781,1.96,1.98,225.33,3552.82
2026-07-02T04:12:45Z,1409781,0.00,3.90,225.20,3552.82
2026-07-02T04:12:46Z,1409781,0.00,2.96,225.20,3552.82
2026-07-02T04:12:47Z,1409781,0.98,2.96,225.20,3552.82
2026-07-02T04:12:48Z,1409781,5.88,8.87,225.27,3552.82
2026-07-02T04:12:49Z,1409781,0.98,2.97,225.27,3552.82
2026-07-02T04:12:50Z,1409781,1.96,5.85,225.28,3552.82
2026-07-02T04:12:51Z,1409781,0.98,3.94,225.29,3552.82
2026-07-02T04:12:52Z,1409781,2.94,3.94,225.29,3552.82
2026-07-02T04:12:53Z,1409781,5.87,7.92,225.30,3552.82
2026-07-02T04:12:54Z,1409781,0.98,7.84,225.31,3552.82
2026-07-02T04:12:55Z,1409781,2.94,4.93,225.46,3552.82
2026-07-02T04:12:56Z,1409781,1.96,3.92,225.46,3552.82
2026-07-02T04:12:57Z,1409781,0.98,2.96,225.46,3552.82
2026-07-02T04:12:59Z,1409781,0.98,4.90,225.46,3552.82
2026-07-02T04:13:00Z,1409781,12.74,14.78,225.48,3552.82
2026-07-02T04:13:01Z,1409781,4.90,7.92,225.50,3552.82
2026-07-02T04:13:02Z,1409781,2.94,4.90,225.50,3552.82
2026-07-02T04:13:03Z,1409781,0.98,2.96,225.51,3552.82
2026-07-02T04:13:04Z,1409781,0.98,2.96,225.51,3552.82
2026-07-02T04:13:05Z,1409781,0.00,2.94,225.51,3552.82
2026-07-02T04:13:06Z,1409781,0.00,3.92,225.37,3552.82
2026-07-02T04:13:07Z,1409781,0.00,1.97,225.37,3552.82
2026-07-02T04:13:08Z,1409781,0.98,2.96,225.37,3552.82
2026-07-02T04:13:09Z,1409781,0.00,2.94,225.37,3552.82
2026-07-02T04:13:10Z,1409781,0.98,2.94,225.37,3552.82
2026-07-02T04:13:11Z,1409781,0.00,3.90,225.37,3552.82
2026-07-02T04:13:12Z,1409781,0.00,2.96,225.37,3552.82
2026-07-02T04:13:13Z,1409781,0.00,2.94,225.37,3552.82
2026-07-02T04:13:14Z,1409781,0.00,3.90,225.37,3552.82
2026-07-02T04:13:15Z,1409781,0.00,1.97,225.37,3552.82
2026-07-02T04:13:16Z,1409781,0.00,2.96,225.37,3552.82
2026-07-02T04:13:17Z,1409781,0.00,3.90,225.37,3552.82
2026-07-02T04:13:18Z,1409781,0.00,2.97,225.37,3552.82
2026-07-02T04:13:19Z,1409781,0.98,3.90,225.37,3552.82
2026-07-02T04:13:20Z,1409781,0.00,34.48,225.37,3552.82
2026-07-02T04:13:21Z,1409781,0.00,2.94,225.37,3552.82
2026-07-02T04:13:22Z,1409781,0.00,2.94,225.37,3552.82
2026-07-02T04:13:23Z,1409781,0.00,2.96,225.41,3552.82
2026-07-02T04:13:24Z,1409781,0.98,3.90,225.41,3552.82
2026-07-02T04:13:25Z,1409781,0.00,0.99,225.41,3552.82
2026-07-02T04:13:26Z,1409781,0.00,3.92,225.41,3552.82
2026-07-02T04:13:27Z,1409781,0.00,2.94,225.41,3552.82
2026-07-02T04:13:28Z,1409781,0.98,1.97,225.41,3552.82
2026-07-02T04:13:29Z,1409781,0.00,2.94,225.41,3552.82
2026-07-02T04:13:30Z,1409781,0.00,2.96,225.41,3552.82
2026-07-02T04:13:31Z,1409781,0.00,2.94,225.41,3552.82
2026-07-02T04:13:32Z,1409781,1.96,3.94,225.44,3552.82
2026-07-02T04:13:33Z,1409781,0.00,3.90,225.44,3552.82
2026-07-02T04:13:34Z,1409781,0.00,2.94,225.44,3552.82
2026-07-02T04:13:35Z,1409781,0.00,2.96,225.44,3552.82
2026-07-02T04:13:36Z,1409781,0.00,2.94,225.44,3552.82
2026-07-02T04:13:37Z,1409781,1.96,2.96,225.44,3552.82
2026-07-02T04:13:38Z,1409781,0.00,2.94,225.44,3552.82
2026-07-02T04:13:39Z,1409781,0.00,2.96,225.44,3552.82
2026-07-02T04:13:40Z,1409781,0.00,1.97,225.44,3552.82
2026-07-02T04:13:41Z,1409781,0.00,2.94,225.44,3552.82
2026-07-02T04:13:42Z,1409781,0.00,2.94,225.44,3552.82
2026-07-02T04:13:43Z,1409781,0.98,2.96,225.44,3552.82
2026-07-02T04:13:44Z,1409781,0.00,2.94,225.44,3552.82
2026-07-02T04:13:45Z,1409781,0.00,2.94,225.44,3552.82
2026-07-02T04:13:46Z,1409781,0.00,2.94,225.44,3552.82
2026-07-02T04:13:48Z,1409781,0.00,2.96,225.44,3552.82
2026-07-02T04:13:49Z,1409781,0.00,1.97,225.44,3552.82
2026-07-02T04:13:50Z,1409781,0.00,2.94,225.44,3552.82
2026-07-02T04:13:51Z,1409781,0.00,4.88,225.44,3552.82
2026-07-02T04:13:52Z,1409781,0.00,2.94,225.44,3552.82
2026-07-02T04:13:53Z,1409781,0.98,2.96,225.45,3552.82
2026-07-02T04:13:54Z,1409781,0.00,3.90,225.45,3552.82
2026-07-02T04:13:55Z,1409781,0.00,2.96,225.45,3552.82
2026-07-02T04:13:56Z,1409781,0.00,2.94,225.45,3552.82
2026-07-02T04:13:57Z,1409781,0.00,3.90,225.45,3552.82
2026-07-02T04:13:58Z,1409781,0.00,1.96,225.45,3552.82
2026-07-02T04:13:59Z,1409781,0.00,1.97,225.45,3552.82
2026-07-02T04:14:00Z,1409781,1.96,4.88,225.50,3552.82
2026-07-02T04:14:01Z,1409781,0.00,1.98,225.50,3552.82
2026-07-02T04:14:02Z,1409781,4.90,8.78,225.68,3552.82
2026-07-02T04:14:03Z,1409781,0.00,2.94,225.68,3552.82
2026-07-02T04:14:04Z,1409781,0.00,1.97,225.68,3552.82
2026-07-02T04:14:05Z,1409781,0.00,7.84,225.68,3552.82
2026-07-02T04:14:06Z,1409781,8.82,9.90,225.74,3552.82
2026-07-02T04:14:07Z,1409781,2.94,5.88,225.78,3552.82
2026-07-02T04:14:08Z,1409781,7.83,11.76,225.83,3552.82
2026-07-02T04:14:09Z,1409781,4.89,5.91,225.84,3552.82
2026-07-02T04:14:10Z,1409781,2.94,5.91,225.84,3552.82
2026-07-02T04:14:11Z,1409781,1.96,4.90,225.71,3552.82
2026-07-02T04:14:12Z,1409781,1.96,3.94,225.71,3552.82
2026-07-02T04:14:13Z,1409781,6.86,8.87,225.73,3552.82
2026-07-02T04:14:14Z,1409781,1.96,5.88,225.75,3552.82
2026-07-02T04:14:15Z,1409781,5.88,6.90,225.77,3552.82
2026-07-02T04:14:16Z,1409781,0.98,4.90,225.77,3552.82
2026-07-02T04:14:17Z,1409781,1.96,3.94,225.78,3552.82
2026-07-02T04:14:18Z,1409781,1.96,4.90,225.78,3552.82
2026-07-02T04:14:19Z,1409781,3.92,5.94,225.78,3552.82
2026-07-02T04:14:20Z,1409781,4.90,6.90,225.78,3552.82
2026-07-02T04:14:21Z,1409781,3.91,5.91,225.79,3552.82
2026-07-02T04:14:22Z,1409781,0.00,3.92,225.79,3552.82
2026-07-02T04:14:23Z,1409781,0.98,2.96,225.79,3552.82
2026-07-02T04:14:24Z,1409781,0.00,2.94,225.79,3552.82
2026-07-02T04:14:25Z,1409781,3.92,6.83,225.80,3552.82
2026-07-02T04:14:26Z,1409781,0.98,2.97,225.80,3552.82
2026-07-02T04:14:27Z,1409781,0.00,2.94,225.80,3552.82
2026-07-02T04:14:28Z,1409781,5.88,8.87,225.98,3552.82
2026-07-02T04:14:29Z,1409781,3.92,5.91,225.99,3552.82
2026-07-02T04:14:30Z,1409781,0.98,3.92,225.99,3552.82
2026-07-02T04:14:31Z,1409781,7.84,10.84,226.01,3552.82
2026-07-02T04:14:32Z,1409781,0.00,1.98,226.01,3552.82
2026-07-02T04:14:33Z,1409781,17.64,19.61,226.08,3552.82
2026-07-02T04:14:34Z,1409781,0.00,3.94,226.08,3552.82
2026-07-02T04:14:35Z,1409781,0.98,2.94,226.08,3552.82
2026-07-02T04:14:37Z,1409781,0.98,2.97,225.94,3552.82
2026-07-02T04:14:38Z,1409781,3.92,5.91,226.10,3552.82
2026-07-02T04:14:39Z,1409781,1.96,3.94,226.10,3552.82
2026-07-02T04:14:40Z,1409781,4.90,9.80,226.11,3552.82
2026-07-02T04:14:41Z,1409781,1.96,3.94,226.13,3552.82
2026-07-02T04:14:42Z,1409781,3.92,4.95,226.16,3552.82
2026-07-02T04:14:43Z,1409781,0.98,3.94,226.02,3552.82
2026-07-02T04:14:44Z,1409781,1.96,3.92,226.02,3552.82
2026-07-02T04:14:45Z,1409781,0.98,3.94,226.03,3552.82
2026-07-02T04:14:46Z,1409781,0.98,4.88,226.03,3552.82
2026-07-02T04:14:47Z,1409781,0.98,2.97,226.03,3552.82
2026-07-02T04:14:48Z,1409781,1.96,4.90,226.04,3552.82
2026-07-02T04:14:49Z,1409781,1.96,3.94,226.04,3552.82
2026-07-02T04:14:50Z,1409781,2.94,4.93,226.05,3552.82
2026-07-02T04:14:51Z,1409781,0.00,3.92,226.05,3552.82
2026-07-02T04:14:52Z,1409781,1.96,2.97,226.05,3552.82
2026-07-02T04:14:53Z,1409781,4.90,7.84,226.15,3552.82
2026-07-02T04:14:54Z,1409781,2.94,5.88,226.17,3552.82
2026-07-02T04:14:55Z,1409781,5.88,7.92,226.34,3552.82
2026-07-02T04:14:56Z,1409781,3.92,5.91,226.34,3552.82
2026-07-02T04:14:57Z,1409781,0.98,2.96,226.34,3552.82
2026-07-02T04:14:58Z,1409781,3.91,7.80,226.36,3552.82
2026-07-02T04:14:59Z,1409781,2.94,4.93,226.37,3552.82
2026-07-02T04:15:00Z,1409781,0.98,4.88,226.39,3552.82
2026-07-02T04:15:01Z,1409781,1.96,5.88,226.39,3552.82
2026-07-02T04:15:02Z,1409781,0.98,3.96,226.39,3552.82
2026-07-02T04:15:03Z,1409781,2.94,2.96,226.25,3552.82
2026-07-02T04:15:04Z,1409781,0.00,5.85,226.26,3552.82
2026-07-02T04:15:05Z,1409781,2.94,3.92,226.26,3552.82
2026-07-02T04:15:06Z,1409781,0.00,3.92,226.26,3552.82
2026-07-02T04:15:07Z,1409781,5.87,7.88,226.29,3552.82
2026-07-02T04:15:08Z,1409781,1.96,3.96,226.29,3552.82
2026-07-02T04:15:09Z,1409781,9.80,12.68,226.32,3552.82
2026-07-02T04:15:10Z,1409781,0.00,3.92,226.32,3552.82
2026-07-02T04:15:11Z,1409781,0.98,2.94,226.32,3552.82
2026-07-02T04:15:12Z,1409781,0.00,2.96,226.32,3552.82
2026-07-02T04:15:13Z,1409781,0.00,2.94,226.32,3552.82
2026-07-02T04:15:14Z,1409781,0.00,2.94,226.32,3552.82
2026-07-02T04:15:15Z,1409781,0.00,1.98,226.32,3552.82
2026-07-02T04:15:16Z,1409781,0.00,2.94,226.32,3552.82
2026-07-02T04:15:17Z,1409781,0.00,3.92,226.32,3552.82
2026-07-02T04:15:18Z,1409781,0.98,2.94,226.32,3552.82
2026-07-02T04:15:19Z,1409781,10.78,11.88,226.50,3552.82
2026-07-02T04:15:20Z,1409781,0.00,2.96,226.50,3552.82
2026-07-02T04:15:21Z,1409781,0.98,2.96,226.50,3552.82
2026-07-02T04:15:22Z,1409781,1.96,4.90,226.52,3552.82
2026-07-02T04:15:23Z,1409781,0.00,4.90,226.52,3552.82
2026-07-02T04:15:24Z,1409781,0.00,2.94,226.52,3552.82
2026-07-02T04:15:26Z,1409781,0.98,3.94,226.52,3552.82
2026-07-02T04:15:27Z,1409781,2.94,3.96,226.46,3552.82
2026-07-02T04:15:28Z,1409781,2.94,6.83,226.53,3552.82
2026-07-02T04:15:29Z,1409781,1.96,2.97,226.53,3552.82
2026-07-02T04:15:30Z,1409781,1.96,4.90,226.54,3552.82
2026-07-02T04:15:31Z,1409781,2.94,5.91,226.55,3552.82
2026-07-02T04:15:32Z,1409781,1.96,2.96,226.55,3552.82
2026-07-02T04:15:33Z,1409781,0.00,2.97,226.41,3552.82
2026-07-02T04:15:34Z,1409781,0.98,2.94,226.41,3552.82
2026-07-02T04:15:35Z,1409781,0.00,3.90,226.41,3552.82
2026-07-02T04:15:36Z,1409781,0.00,2.96,226.41,3552.82
2026-07-02T04:15:37Z,1409781,1.96,2.96,226.41,3552.82
2026-07-02T04:15:38Z,1409781,0.00,2.93,226.41,3552.82
2026-07-02T04:15:39Z,1409781,0.00,4.88,226.41,3552.82
2026-07-02T04:15:40Z,1409781,0.00,2.94,226.41,3552.82
2026-07-02T04:15:41Z,1409781,0.98,3.92,226.41,3552.82
2026-07-02T04:15:42Z,1409781,0.00,1.97,226.41,3552.82
2026-07-02T04:15:43Z,1409781,0.00,3.92,226.41,3552.82
2026-07-02T04:15:44Z,1409781,0.98,2.94,226.41,3552.82
2026-07-02T04:15:45Z,1409781,0.00,2.94,226.41,3552.82
2026-07-02T04:15:46Z,1409781,0.98,3.94,226.56,3552.82
2026-07-02T04:15:47Z,1409781,0.00,2.94,226.56,3552.82
2026-07-02T04:15:48Z,1409781,3.92,5.88,226.65,3552.82
2026-07-02T04:15:49Z,1409781,0.00,2.96,226.65,3552.82
2026-07-02T04:15:50Z,1409781,0.00,2.96,226.65,3552.82
2026-07-02T04:15:51Z,1409781,1.96,2.94,226.65,3552.82
2026-07-02T04:15:52Z,1409781,0.00,4.88,226.65,3552.82
2026-07-02T04:15:53Z,1409781,0.00,1.97,226.51,3552.82
2026-07-02T04:15:54Z,1409781,2.94,5.88,226.54,3552.82
2026-07-02T04:15:55Z,1409781,0.98,3.92,226.54,3552.82
2026-07-02T04:15:56Z,1409781,1.96,3.96,226.54,3552.82
2026-07-02T04:15:57Z,1409781,1.96,4.90,226.55,3552.82
2026-07-02T04:15:58Z,1409781,5.88,8.82,226.56,3552.82
2026-07-02T04:15:59Z,1409781,4.90,6.90,226.58,3552.82
2026-07-02T04:16:00Z,1409781,15.67,18.72,226.77,3552.82
2026-07-02T04:16:01Z,1409781,1.96,4.93,226.77,3552.82
2026-07-02T04:16:02Z,1409781,3.92,7.84,226.77,3552.82
2026-07-02T04:16:03Z,1409781,5.88,7.88,226.78,3552.82
2026-07-02T04:16:04Z,1409781,0.98,3.94,226.78,3552.82
2026-07-02T04:16:05Z,1409781,15.66,18.63,226.70,3552.82
2026-07-02T04:16:06Z,1409781,0.98,2.96,226.70,3552.82
2026-07-02T04:16:07Z,1409781,0.98,3.94,226.70,3552.82
2026-07-02T04:16:08Z,1409781,0.98,3.92,226.70,3552.82
2026-07-02T04:16:09Z,1409781,1.96,4.93,226.70,3552.82
2026-07-02T04:16:10Z,1409781,1.96,3.92,226.70,3552.82
2026-07-02T04:16:11Z,1409781,0.98,2.97,226.70,3552.82
2026-07-02T04:16:12Z,1409781,2.94,4.93,226.71,3552.82
2026-07-02T04:16:13Z,1409781,1.96,4.90,226.86,3552.82
2026-07-02T04:16:15Z,1409781,1.96,4.90,226.86,3552.82
2026-07-02T04:16:16Z,1409781,0.98,3.92,226.86,3552.82
2026-07-02T04:16:17Z,1409781,1.96,3.94,226.86,3552.82
2026-07-02T04:16:18Z,1409781,3.91,6.90,226.88,3552.82
2026-07-02T04:16:19Z,1409781,1.96,3.94,226.88,3552.82
2026-07-02T04:16:20Z,1409781,3.92,6.86,226.89,3552.82
2026-07-02T04:16:21Z,1409781,0.00,2.97,226.89,3552.82
2026-07-02T04:16:22Z,1409781,1.96,4.88,226.89,3552.82
2026-07-02T04:16:23Z,1409781,0.98,2.96,226.75,3552.82
2026-07-02T04:16:24Z,1409781,1.96,5.85,226.75,3552.82
2026-07-02T04:16:25Z,1409781,0.98,3.92,226.75,3552.82
2026-07-02T04:16:26Z,1409781,1.96,3.94,226.75,3552.82
2026-07-02T04:16:27Z,1409781,1.96,4.95,226.76,3552.82
2026-07-02T04:16:28Z,1409781,2.94,5.88,226.77,3552.82
2026-07-02T04:16:29Z,1409781,0.98,2.96,226.77,3552.82
2026-07-02T04:16:30Z,1409781,1.96,2.96,226.77,3552.82
2026-07-02T04:16:31Z,1409781,2.94,5.88,226.90,3552.82
2026-07-02T04:16:32Z,1409781,0.00,2.96,226.90,3552.82
2026-07-02T04:16:33Z,1409781,1.96,3.94,226.91,3552.82
2026-07-02T04:16:34Z,1409781,1.96,3.94,226.91,3552.82
2026-07-02T04:16:35Z,1409781,4.89,7.88,226.93,3552.82
2026-07-02T04:16:36Z,1409781,1.96,4.90,226.80,3552.82
2026-07-02T04:16:37Z,1409781,0.98,2.96,226.80,3552.82
2026-07-02T04:16:38Z,1409781,1.96,6.83,226.82,3552.82
2026-07-02T04:16:39Z,1409781,1.96,2.96,226.82,3552.82
2026-07-02T04:16:40Z,1409781,0.98,3.94,226.82,3552.82
2026-07-02T04:16:41Z,1409781,0.98,3.92,226.82,3552.82
2026-07-02T04:16:42Z,1409781,3.92,5.91,226.97,3552.82
2026-07-02T04:16:43Z,1409781,1.96,3.94,226.97,3552.82
2026-07-02T04:16:44Z,1409781,0.00,3.92,226.97,3552.82
2026-07-02T04:16:45Z,1409781,0.98,3.92,226.97,3552.82
2026-07-02T04:16:46Z,1409781,0.98,2.94,226.97,3552.82
2026-07-02T04:16:47Z,1409781,1.96,3.94,226.98,3552.82
2026-07-02T04:16:48Z,1409781,0.98,3.94,226.84,3552.82
2026-07-02T04:16:49Z,1409781,2.94,4.90,226.84,3552.82
2026-07-02T04:16:50Z,1409781,0.00,3.94,226.84,3552.82
2026-07-02T04:16:51Z,1409781,5.88,5.94,227.08,3552.82
2026-07-02T04:16:52Z,1409781,4.90,9.80,227.11,3552.82
2026-07-02T04:16:53Z,1409781,2.93,3.94,227.11,3552.82
2026-07-02T04:16:54Z,1409781,0.98,4.90,227.11,3552.82
2026-07-02T04:16:55Z,1409781,3.92,5.88,227.12,3552.82
2026-07-02T04:16:56Z,1409781,0.98,3.94,226.98,3552.82
2026-07-02T04:16:57Z,1409781,0.00,2.96,226.98,3552.82
2026-07-02T04:16:58Z,1409781,2.94,3.94,227.12,3552.82
2026-07-02T04:16:59Z,1409781,0.00,3.92,227.12,3552.82
2026-07-02T04:17:00Z,1409781,0.00,1.97,227.12,3552.82
2026-07-02T04:17:01Z,1409781,2.94,5.91,227.16,3552.82
2026-07-02T04:17:03Z,1409781,1.96,4.90,227.16,3552.82
2026-07-02T04:17:04Z,1409781,0.00,2.96,227.02,3552.82
2026-07-02T04:17:05Z,1409781,1.96,4.90,227.02,3552.82
2026-07-02T04:17:06Z,1409781,3.92,5.88,227.05,3552.82
2026-07-02T04:17:07Z,1409781,0.98,3.92,227.05,3552.82
2026-07-02T04:17:08Z,1409781,0.98,3.94,227.05,3552.82
2026-07-02T04:17:09Z,1409781,1.96,3.94,227.09,3552.82
2026-07-02T04:17:10Z,1409781,2.94,5.88,227.28,3552.82
2026-07-02T04:17:11Z,1409781,6.85,8.87,227.34,3552.82
2026-07-02T04:17:12Z,1409781,7.84,10.78,227.37,3552.82
2026-07-02T04:17:13Z,1409781,4.90,7.84,227.39,3552.82
2026-07-02T04:17:14Z,1409781,10.78,13.79,227.43,3552.82
2026-07-02T04:17:15Z,1409781,0.98,2.96,227.43,3552.82
2026-07-02T04:17:16Z,1409781,0.00,2.96,227.29,3552.82
2026-07-02T04:17:17Z,1409781,0.98,3.90,227.29,3552.82
2026-07-02T04:17:18Z,1409781,0.00,2.94,227.29,3552.82
2026-07-02T04:17:19Z,1409781,0.00,2.96,227.29,3552.82
2026-07-02T04:17:20Z,1409781,0.00,3.92,227.29,3552.82
2026-07-02T04:17:21Z,1409781,0.98,3.90,227.29,3552.82
2026-07-02T04:17:22Z,1409781,0.00,1.98,227.29,3552.82
2026-07-02T04:17:23Z,1409781,0.00,2.94,227.29,3552.82
2026-07-02T04:17:24Z,1409781,0.98,3.90,227.29,3552.82
2026-07-02T04:17:25Z,1409781,0.00,2.94,227.29,3552.82
2026-07-02T04:17:26Z,1409781,0.00,2.96,227.29,3552.82
2026-07-02T04:17:27Z,1409781,0.00,2.94,227.29,3552.82
2026-07-02T04:17:28Z,1409781,0.00,1.97,227.29,3552.82
2026-07-02T04:17:29Z,1409781,0.00,3.90,227.29,3552.82
2026-07-02T04:17:30Z,1409781,0.00,1.97,227.29,3552.82
2026-07-02T04:17:31Z,1409781,0.00,2.96,227.29,3552.82
2026-07-02T04:17:32Z,1409781,0.00,2.94,227.29,3552.82
2026-07-02T04:17:33Z,1409781,0.00,2.94,227.29,3552.82
2026-07-02T04:17:34Z,1409781,8.81,9.90,227.49,3552.82
2026-07-02T04:17:35Z,1409781,1.96,5.85,227.49,3552.82
2026-07-02T04:17:36Z,1409781,1.96,3.92,227.49,3552.82
2026-07-02T04:17:37Z,1409781,0.98,3.96,227.52,3552.82
2026-07-02T04:17:38Z,1409781,1.96,3.92,227.52,3552.82
2026-07-02T04:17:39Z,1409781,0.00,2.96,227.38,3552.82
2026-07-02T04:17:40Z,1409781,4.90,7.80,227.54,3552.82
2026-07-02T04:17:41Z,1409781,0.98,3.94,227.54,3552.82
2026-07-02T04:17:42Z,1409781,2.93,5.91,227.54,3552.82
2026-07-02T04:17:43Z,1409781,0.98,2.96,227.54,3552.82
2026-07-02T04:17:44Z,1409781,0.98,3.92,227.54,3552.82
2026-07-02T04:17:45Z,1409781,0.00,2.94,227.41,3552.82
2026-07-02T04:17:46Z,1409781,0.00,2.96,227.41,3552.82
2026-07-02T04:17:47Z,1409781,0.00,2.94,227.41,3552.82
2026-07-02T04:17:48Z,1409781,0.00,1.97,227.41,3552.82
2026-07-02T04:17:49Z,1409781,1.96,4.90,227.43,3552.82
2026-07-02T04:17:50Z,1409781,3.92,4.93,227.43,3552.82
2026-07-02T04:17:52Z,1409781,0.98,3.96,227.44,3552.82
2026-07-02T04:17:53Z,1409781,5.88,6.93,227.47,3552.82
2026-07-02T04:17:54Z,1409781,2.94,6.80,227.47,3552.82
2026-07-02T04:17:55Z,1409781,1.96,4.90,227.47,3552.82
2026-07-02T04:17:56Z,1409781,1.96,3.96,227.48,3552.82
2026-07-02T04:17:57Z,1409781,0.98,3.92,227.48,3552.82
2026-07-02T04:17:58Z,1409781,1.96,4.90,227.48,3552.82
2026-07-02T04:17:59Z,1409781,1.96,3.94,227.48,3552.82
2026-07-02T04:18:00Z,1409781,0.98,3.92,227.48,3552.82
2026-07-02T04:18:01Z,1409781,0.98,3.94,227.62,3552.82
2026-07-02T04:18:02Z,1409781,0.98,4.88,227.62,3552.82
2026-07-02T04:18:03Z,1409781,3.92,5.91,227.62,3552.82
2026-07-02T04:18:04Z,1409781,0.00,1.98,227.63,3552.82
2026-07-02T04:18:05Z,1409781,2.94,5.88,227.73,3552.82
2026-07-02T04:18:06Z,1409781,1.96,2.96,227.73,3552.82
2026-07-02T04:18:07Z,1409781,1.96,3.94,227.76,3552.82
2026-07-02T04:18:08Z,1409781,0.00,3.92,227.76,3552.82
2026-07-02T04:18:09Z,1409781,0.98,3.92,227.76,3552.82
2026-07-02T04:18:10Z,1409781,1.96,4.90,227.76,3552.82
2026-07-02T04:18:11Z,1409781,4.90,6.93,227.78,3552.82
2026-07-02T04:18:12Z,1409781,0.98,3.92,227.64,3552.82
2026-07-02T04:18:13Z,1409781,1.96,3.92,227.64,3552.82
2026-07-02T04:18:14Z,1409781,0.98,2.97,227.64,3552.82
2026-07-02T04:18:15Z,1409781,0.98,3.92,227.64,3552.82
2026-07-02T04:18:16Z,1409781,1.96,5.88,227.64,3552.82
2026-07-02T04:18:17Z,1409781,0.98,3.92,227.64,3552.82
2026-07-02T04:18:18Z,1409781,1.96,3.94,227.64,3552.82
2026-07-02T04:18:19Z,1409781,1.96,4.90,227.64,3552.82
2026-07-02T04:18:20Z,1409781,4.90,5.97,227.65,3552.82
2026-07-02T04:18:21Z,1409781,3.92,4.93,227.65,3552.82
2026-07-02T04:18:22Z,1409781,0.98,2.97,227.65,3552.82
2026-07-02T04:18:23Z,1409781,1.96,4.88,227.65,3552.82
2026-07-02T04:18:24Z,1409781,11.75,16.67,227.69,3552.82
2026-07-02T04:18:25Z,1409781,1.96,3.92,227.69,3552.82
2026-07-02T04:18:26Z,1409781,2.94,5.91,227.70,3552.82
2026-07-02T04:18:27Z,1409781,0.98,2.96,227.70,3552.82
2026-07-02T04:18:28Z,1409781,0.98,2.94,227.70,3552.82
2026-07-02T04:18:29Z,1409781,0.00,2.96,227.70,3552.82
2026-07-02T04:18:30Z,1409781,3.92,5.91,227.87,3552.82
2026-07-02T04:18:31Z,1409781,1.96,4.88,227.87,3552.82
2026-07-02T04:18:32Z,1409781,0.00,2.96,227.87,3552.82
2026-07-02T04:18:33Z,1409781,0.00,4.90,227.87,3552.82
2026-07-02T04:18:34Z,1409781,2.94,3.96,227.88,3552.82
2026-07-02T04:18:35Z,1409781,0.98,2.96,227.88,3552.82
2026-07-02T04:18:36Z,1409781,4.90,8.82,227.89,3552.82
2026-07-02T04:18:37Z,1409781,0.98,2.97,227.89,3552.82
2026-07-02T04:18:38Z,1409781,0.98,4.88,227.89,3552.82
2026-07-02T04:18:39Z,1409781,3.92,4.95,227.89,3552.82
2026-07-02T04:18:41Z,1409781,0.98,4.90,227.90,3552.82
2026-07-02T04:18:42Z,1409781,2.94,3.96,227.77,3552.82
2026-07-02T04:18:43Z,1409781,1.96,5.85,227.77,3552.82
2026-07-02T04:18:44Z,1409781,0.98,3.92,227.77,3552.82
2026-07-02T04:18:45Z,1409781,1.96,4.90,227.77,3552.82
2026-07-02T04:18:46Z,1409781,0.98,3.94,227.77,3552.82
2026-07-02T04:18:47Z,1409781,2.94,3.94,227.77,3552.82
2026-07-02T04:18:48Z,1409781,1.96,4.90,227.78,3552.82
2026-07-02T04:18:49Z,1409781,1.96,3.96,227.78,3552.82
2026-07-02T04:18:50Z,1409781,0.00,3.90,227.78,3552.82
2026-07-02T04:18:51Z,1409781,0.00,2.96,227.78,3552.82
2026-07-02T04:18:52Z,1409781,0.00,1.97,227.78,3552.82
2026-07-02T04:18:53Z,1409781,1.96,4.90,227.78,3552.82
2026-07-02T04:18:54Z,1409781,2.94,4.93,227.78,3552.82
2026-07-02T04:18:55Z,1409781,1.96,5.91,227.79,3552.82
2026-07-02T04:18:56Z,1409781,1.96,3.92,227.79,3552.82
2026-07-02T04:18:57Z,1409781,2.94,4.93,227.94,3552.82
2026-07-02T04:18:58Z,1409781,0.98,3.94,227.94,3552.82
2026-07-02T04:18:59Z,1409781,0.98,3.90,227.94,3552.82
2026-07-02T04:19:00Z,1409781,0.00,2.96,227.94,3552.82
2026-07-02T04:19:01Z,1409781,0.98,2.94,227.94,3552.82
2026-07-02T04:19:02Z,1409781,0.98,4.90,227.95,3552.82
2026-07-02T04:19:03Z,1409781,3.92,4.95,227.95,3552.82
2026-07-02T04:19:04Z,1409781,2.94,5.88,228.03,3552.82
2026-07-02T04:19:05Z,1409781,1.96,5.88,228.03,3552.82
2026-07-02T04:19:06Z,1409781,1.96,3.94,228.03,3552.82
2026-07-02T04:19:07Z,1409781,1.96,3.94,228.03,3552.82
2026-07-02T04:19:08Z,1409781,1.96,4.90,228.03,3552.82
2026-07-02T04:19:09Z,1409781,0.98,5.85,227.89,3552.82
2026-07-02T04:19:10Z,1409781,1.96,3.94,227.89,3552.82
2026-07-02T04:19:11Z,1409781,3.92,4.95,227.89,3552.82
2026-07-02T04:19:12Z,1409781,0.98,4.90,227.89,3552.82
2026-07-02T04:19:13Z,1409781,1.96,3.94,227.89,3552.82
2026-07-02T04:19:14Z,1409781,0.98,3.92,227.89,3552.82
2026-07-02T04:19:15Z,1409781,0.98,3.94,227.89,3552.82
2026-07-02T04:19:16Z,1409781,0.98,2.96,227.89,3552.82
2026-07-02T04:19:17Z,1409781,1.96,4.90,227.90,3552.82
2026-07-02T04:19:18Z,1409781,0.98,3.94,227.90,3552.82
2026-07-02T04:19:19Z,1409781,0.98,3.92,227.90,3552.82
2026-07-02T04:19:20Z,1409781,0.98,2.96,227.90,3552.82
2026-07-02T04:19:21Z,1409781,0.98,2.94,227.90,3552.82
2026-07-02T04:19:22Z,1409781,0.98,2.97,227.90,3552.82
2026-07-02T04:19:23Z,1409781,0.00,3.90,227.90,3552.82
2026-07-02T04:19:24Z,1409781,0.00,3.92,227.90,3552.82
2026-07-02T04:19:25Z,1409781,0.98,1.97,227.90,3552.82
2026-07-02T04:19:26Z,1409781,0.00,3.92,228.05,3552.82
2026-07-02T04:19:27Z,1409781,0.00,2.94,228.05,3552.82
2026-07-02T04:19:28Z,1409781,0.98,3.92,228.05,3552.82
2026-07-02T04:19:30Z,1409781,0.00,2.94,228.05,3552.82
2026-07-02T04:19:31Z,1409781,0.00,1.98,228.05,3552.82
2026-07-02T04:19:32Z,1409781,1.96,4.88,228.07,3552.82
2026-07-02T04:19:33Z,1409781,0.98,2.94,228.07,3552.82
2026-07-02T04:19:34Z,1409781,0.00,2.96,228.07,3552.82
2026-07-02T04:19:35Z,1409781,0.00,1.97,228.07,3552.82
2026-07-02T04:19:36Z,1409781,0.00,2.94,228.07,3552.82
2026-07-02T04:19:37Z,1409781,0.00,2.96,228.07,3552.82
2026-07-02T04:19:38Z,1409781,0.00,2.94,227.93,3552.82
2026-07-02T04:19:39Z,1409781,0.00,2.94,227.93,3552.82
2026-07-02T04:19:40Z,1409781,0.00,2.94,227.93,3552.82
2026-07-02T04:19:41Z,1409781,0.00,2.94,227.93,3552.82
2026-07-02T04:19:42Z,1409781,0.00,3.92,227.93,3552.82
2026-07-02T04:19:43Z,1409781,0.98,2.94,227.93,3552.82
2026-07-02T04:19:44Z,1409781,0.98,3.92,227.93,3552.82
2026-07-02T04:19:45Z,1409781,0.98,2.96,227.93,3552.82
2026-07-02T04:19:46Z,1409781,0.00,2.97,227.93,3552.82
2026-07-02T04:19:47Z,1409781,1.96,5.88,227.93,3552.82
2026-07-02T04:19:48Z,1409781,2.94,5.91,227.93,3552.82
2026-07-02T04:19:49Z,1409781,1.96,4.90,227.93,3552.82
2026-07-02T04:19:50Z,1409781,0.98,2.96,227.93,3552.82
2026-07-02T04:19:51Z,1409781,0.00,2.96,227.93,3552.82
2026-07-02T04:19:52Z,1409781,1.96,2.96,227.93,3552.82
2026-07-02T04:19:53Z,1409781,0.00,2.94,227.93,3552.82
2026-07-02T04:19:54Z,1409781,2.94,5.91,227.94,3552.82
2026-07-02T04:19:55Z,1409781,4.90,5.94,228.09,3552.82
2026-07-02T04:19:56Z,1409781,0.98,4.90,228.09,3552.82
2026-07-02T04:19:57Z,1409781,1.96,3.92,228.09,3552.82
2026-07-02T04:19:58Z,1409781,3.92,6.90,228.13,3552.82
2026-07-02T04:19:59Z,1409781,0.98,3.92,228.13,3552.82
2026-07-02T04:20:00Z,1409781,1.96,3.94,228.13,3552.82
2026-07-02T04:20:01Z,1409781,1.96,3.96,228.13,3552.82
2026-07-02T04:20:02Z,1409781,1.96,4.88,228.13,3552.82
2026-07-02T04:20:03Z,1409781,3.92,5.94,228.14,3552.82
2026-07-02T04:20:04Z,1409781,1.96,5.88,228.15,3552.82
2026-07-02T04:20:05Z,1409781,2.94,5.88,228.15,3552.82
2026-07-02T04:20:06Z,1409781,2.94,4.93,228.16,3552.82
2026-07-02T04:20:07Z,1409781,2.94,5.88,228.16,3552.82
2026-07-02T04:20:08Z,1409781,0.98,2.97,228.02,3552.82
2026-07-02T04:20:09Z,1409781,0.98,2.96,228.02,3552.82
2026-07-02T04:20:10Z,1409781,0.98,3.92,228.02,3552.82
2026-07-02T04:20:11Z,1409781,0.00,3.90,228.02,3552.82
2026-07-02T04:20:12Z,1409781,2.94,3.94,228.02,3552.82
2026-07-02T04:20:13Z,1409781,0.00,2.96,228.02,3552.82
2026-07-02T04:20:14Z,1409781,0.98,4.90,228.02,3552.82
2026-07-02T04:20:15Z,1409781,1.95,3.94,228.03,3552.82
2026-07-02T04:20:16Z,1409781,2.94,4.93,228.03,3552.82
2026-07-02T04:20:17Z,1409781,1.96,4.93,228.03,3552.82
2026-07-02T04:20:19Z,1409781,0.98,3.92,228.03,3552.82
2026-07-02T04:20:20Z,1409781,0.98,2.96,228.03,3552.82
2026-07-02T04:20:21Z,1409781,1.96,5.85,228.04,3552.82
2026-07-02T04:20:22Z,1409781,0.98,2.96,228.04,3552.82
2026-07-02T04:20:23Z,1409781,1.96,4.93,228.04,3552.82
2026-07-02T04:20:24Z,1409781,3.92,5.91,228.20,3552.82
2026-07-02T04:20:25Z,1409781,1.96,3.94,228.20,3552.82
2026-07-02T04:20:26Z,1409781,2.94,5.91,228.21,3552.82
2026-07-02T04:20:27Z,1409781,0.98,3.92,228.21,3552.82
2026-07-02T04:20:28Z,1409781,1.96,2.96,228.21,3552.82
2026-07-02T04:20:29Z,1409781,1.96,4.93,228.21,3552.82
2026-07-02T04:20:30Z,1409781,1.96,4.90,228.23,3552.82
2026-07-02T04:20:31Z,1409781,1.96,4.93,228.23,3552.82
2026-07-02T04:20:32Z,1409781,1.96,2.97,228.25,3552.82
2026-07-02T04:20:33Z,1409781,1.96,3.94,228.25,3552.82
2026-07-02T04:20:34Z,1409781,1.96,3.94,228.25,3552.82
2026-07-02T04:20:35Z,1409781,1.96,3.94,228.25,3552.82
2026-07-02T04:20:36Z,1409781,0.98,3.94,228.29,3552.82
2026-07-02T04:20:37Z,1409781,0.98,5.83,228.14,3552.82
2026-07-02T04:20:38Z,1409781,0.98,2.97,228.14,3552.82
2026-07-02T04:20:39Z,1409781,0.98,2.96,228.14,3552.82
2026-07-02T04:20:40Z,1409781,0.98,3.92,228.14,3552.82
2026-07-02T04:20:41Z,1409781,0.98,2.96,228.14,3552.82
2026-07-02T04:20:42Z,1409781,0.00,3.92,228.14,3552.82
2026-07-02T04:20:43Z,1409781,9.80,11.82,228.18,3552.82
2026-07-02T04:20:44Z,1409781,0.98,2.96,228.18,3552.82
2026-07-02T04:20:45Z,1409781,2.94,5.91,228.18,3552.82
2026-07-02T04:20:46Z,1409781,3.92,4.93,228.18,3552.82
2026-07-02T04:20:47Z,1409781,0.00,2.96,228.18,3552.82
2026-07-02T04:20:48Z,1409781,2.94,6.83,228.37,3552.82
2026-07-02T04:20:49Z,1409781,0.98,3.92,228.37,3552.82
2026-07-02T04:20:50Z,1409781,0.98,2.96,228.37,3552.82
2026-07-02T04:20:51Z,1409781,0.98,3.92,228.37,3552.82
2026-07-02T04:20:52Z,1409781,1.96,3.94,228.37,3552.82
2026-07-02T04:20:53Z,1409781,0.98,3.94,228.23,3552.82
2026-07-02T04:20:54Z,1409781,0.98,2.96,228.23,3552.82
2026-07-02T04:20:55Z,1409781,0.98,3.92,228.23,3552.82
2026-07-02T04:20:56Z,1409781,4.90,6.86,228.43,3552.82
2026-07-02T04:20:57Z,1409781,0.00,2.96,228.43,3552.82
2026-07-02T04:20:58Z,1409781,2.94,5.91,228.57,3552.82
2026-07-02T04:20:59Z,1409781,1.96,2.97,228.57,3552.82
2026-07-02T04:21:00Z,1409781,2.94,6.83,228.59,3552.82
2026-07-02T04:21:01Z,1409781,0.98,1.98,228.59,3552.82
2026-07-02T04:21:02Z,1409781,0.98,3.94,228.59,3552.82
2026-07-02T04:21:03Z,1409781,0.98,3.92,228.59,3552.82
2026-07-02T04:21:04Z,1409781,0.98,4.90,228.59,3552.82
2026-07-02T04:21:05Z,1409781,1.96,5.91,228.45,3552.82
2026-07-02T04:21:06Z,1409781,1.96,3.92,228.45,3552.82
2026-07-02T04:21:08Z,1409781,2.94,4.95,228.45,3552.82
2026-07-02T04:21:09Z,1409781,0.98,3.94,228.45,3552.82
2026-07-02T04:21:10Z,1409781,1.96,4.90,228.45,3552.82
2026-07-02T04:21:11Z,1409781,1.96,3.92,228.45,3552.82
2026-07-02T04:21:12Z,1409781,0.98,2.97,228.45,3552.82
2026-07-02T04:21:13Z,1409781,1.96,3.94,228.45,3552.82
2026-07-02T04:21:14Z,1409781,1.96,4.90,228.59,3552.82
2026-07-02T04:21:15Z,1409781,0.98,3.94,228.59,3552.82
2026-07-02T04:21:16Z,1409781,1.96,2.96,228.59,3552.82
2026-07-02T04:21:17Z,1409781,0.00,2.94,228.59,3552.82
2026-07-02T04:21:18Z,1409781,0.00,1.98,228.59,3552.82
2026-07-02T04:21:19Z,1409781,0.00,2.94,228.46,3552.82
2026-07-02T04:21:20Z,1409781,0.00,3.90,228.46,3552.82
2026-07-02T04:21:21Z,1409781,0.98,2.97,228.46,3552.82
2026-07-02T04:21:22Z,1409781,0.98,3.92,228.46,3552.82
2026-07-02T04:21:23Z,1409781,0.98,1.97,228.46,3552.82
2026-07-02T04:21:24Z,1409781,2.94,7.80,228.61,3552.82
2026-07-02T04:21:25Z,1409781,0.98,2.94,228.61,3552.82
2026-07-02T04:21:26Z,1409781,0.98,2.96,228.61,3552.82
2026-07-02T04:21:27Z,1409781,0.00,2.96,228.61,3552.82
2026-07-02T04:21:28Z,1409781,1.96,6.80,228.66,3552.82
2026-07-02T04:21:29Z,1409781,0.00,2.94,228.66,3552.82
2026-07-02T04:21:30Z,1409781,0.98,1.98,228.66,3552.82
2026-07-02T04:21:31Z,1409781,0.00,2.94,228.66,3552.82
2026-07-02T04:21:32Z,1409781,0.00,2.94,228.66,3552.82
2026-07-02T04:21:33Z,1409781,0.98,3.92,228.52,3552.82
2026-07-02T04:21:34Z,1409781,0.00,2.94,228.52,3552.82
2026-07-02T04:21:35Z,1409781,0.00,1.97,228.52,3552.82
2026-07-02T04:21:36Z,1409781,0.98,3.92,228.52,3552.82
2026-07-02T04:21:37Z,1409781,0.98,3.94,228.66,3552.82
2026-07-02T04:21:38Z,1409781,0.98,2.96,228.66,3552.82
2026-07-02T04:21:39Z,1409781,0.98,4.88,228.66,3552.82
2026-07-02T04:21:40Z,1409781,1.96,2.97,228.66,3552.82
2026-07-02T04:21:41Z,1409781,0.98,5.85,228.66,3552.82
2026-07-02T04:21:42Z,1409781,3.92,6.86,228.53,3552.82
2026-07-02T04:21:43Z,1409781,1.96,5.88,228.53,3552.82
2026-07-02T04:21:44Z,1409781,1.96,2.97,228.53,3552.82
2026-07-02T04:21:45Z,1409781,2.94,4.93,228.54,3552.82
2026-07-02T04:21:46Z,1409781,0.98,2.96,228.54,3552.82
2026-07-02T04:21:47Z,1409781,0.98,4.88,228.54,3552.82
2026-07-02T04:21:48Z,1409781,0.98,2.97,228.54,3552.82
2026-07-02T04:21:49Z,1409781,0.98,3.92,228.54,3552.82
2026-07-02T04:21:50Z,1409781,0.98,2.96,228.54,3552.82
2026-07-02T04:21:51Z,1409781,0.98,3.94,228.54,3552.82
2026-07-02T04:21:52Z,1409781,0.98,3.92,228.54,3552.82
2026-07-02T04:21:53Z,1409781,1.96,3.94,228.67,3552.82
2026-07-02T04:21:54Z,1409781,2.94,4.93,228.71,3552.82
2026-07-02T04:21:56Z,1409781,1.96,3.92,228.71,3552.82
2026-07-02T04:21:57Z,1409781,0.00,4.90,228.71,3552.82
2026-07-02T04:21:58Z,1409781,2.94,3.94,228.72,3552.82
2026-07-02T04:21:59Z,1409781,0.98,3.94,228.72,3552.82
2026-07-02T04:22:00Z,1409781,1.96,4.90,228.59,3552.82
2026-07-02T04:22:01Z,1409781,2.94,4.93,228.59,3552.82
2026-07-02T04:22:02Z,1409781,1.96,4.93,228.72,3552.82
2026-07-02T04:22:03Z,1409781,1.96,4.90,228.72,3552.82
2026-07-02T04:22:04Z,1409781,1.96,2.96,228.72,3552.82
2026-07-02T04:22:05Z,1409781,0.98,3.94,228.72,3552.82
2026-07-02T04:22:06Z,1409781,1.96,3.94,228.72,3552.82
2026-07-02T04:22:07Z,1409781,2.94,4.95,228.61,3552.82
2026-07-02T04:22:08Z,1409781,1.96,3.94,228.61,3552.82
2026-07-02T04:22:09Z,1409781,1.96,3.94,228.61,3552.82
2026-07-02T04:22:10Z,1409781,0.98,4.90,228.61,3552.82
2026-07-02T04:22:11Z,1409781,1.96,3.94,228.61,3552.82
2026-07-02T04:22:12Z,1409781,1.96,3.96,228.61,3552.82
2026-07-02T04:22:13Z,1409781,0.98,2.96,228.61,3552.82
2026-07-02T04:22:14Z,1409781,1.96,3.94,228.62,3552.82
2026-07-02T04:22:15Z,1409781,2.94,4.93,228.62,3552.82
2026-07-02T04:22:16Z,1409781,0.00,2.94,228.62,3552.82
2026-07-02T04:22:17Z,1409781,0.98,2.96,228.62,3552.82
2026-07-02T04:22:18Z,1409781,1.96,4.90,228.76,3552.82
2026-07-02T04:22:19Z,1409781,0.00,2.94,228.76,3552.82
2026-07-02T04:22:20Z,1409781,1.96,2.97,228.76,3552.82
2026-07-02T04:22:21Z,1409781,1.96,5.88,228.82,3552.82
2026-07-02T04:22:22Z,1409781,2.94,6.83,228.82,3552.82
2026-07-02T04:22:23Z,1409781,3.92,5.88,228.83,3552.82
2026-07-02T04:22:24Z,1409781,1.96,3.96,228.83,3552.82
2026-07-02T04:22:25Z,1409781,0.98,3.94,228.83,3552.82
2026-07-02T04:22:26Z,1409781,1.96,2.96,228.70,3552.82
2026-07-02T04:22:27Z,1409781,0.98,5.91,228.70,3552.82
2026-07-02T04:22:28Z,1409781,0.98,2.94,228.70,3552.82
2026-07-02T04:22:29Z,1409781,0.98,3.94,228.84,3552.82
2026-07-02T04:22:30Z,1409781,0.98,4.88,228.84,3552.82
2026-07-02T04:22:31Z,1409781,0.98,3.92,228.84,3552.82
2026-07-02T04:22:32Z,1409781,0.00,3.92,228.84,3552.82
2026-07-02T04:22:33Z,1409781,1.96,3.94,228.84,3552.82
2026-07-02T04:22:34Z,1409781,0.98,3.92,228.71,3552.82
2026-07-02T04:22:35Z,1409781,1.96,4.90,228.71,3552.82
2026-07-02T04:22:36Z,1409781,2.94,4.95,228.71,3552.82
2026-07-02T04:22:37Z,1409781,3.92,5.91,228.71,3552.82
2026-07-02T04:22:38Z,1409781,0.98,3.92,228.71,3552.82
2026-07-02T04:22:39Z,1409781,0.98,2.96,228.71,3552.82
2026-07-02T04:22:40Z,1409781,0.00,3.92,228.71,3552.82
2026-07-02T04:22:41Z,1409781,1.96,3.94,228.71,3552.82
2026-07-02T04:22:42Z,1409781,1.96,4.90,228.72,3552.82
2026-07-02T04:22:43Z,1409781,0.00,2.96,228.72,3552.82
2026-07-02T04:22:45Z,1409781,1.96,3.92,228.72,3552.82
2026-07-02T04:22:46Z,1409781,0.00,3.92,228.87,3552.82
2026-07-02T04:22:47Z,1409781,0.00,2.96,228.87,3552.82
2026-07-02T04:22:48Z,1409781,4.90,5.94,228.88,3552.82
2026-07-02T04:22:49Z,1409781,1.96,4.90,228.88,3552.82
2026-07-02T04:22:50Z,1409781,0.00,3.92,228.88,3552.82
2026-07-02T04:22:51Z,1409781,1.96,3.92,228.88,3552.82
2026-07-02T04:22:52Z,1409781,0.00,2.96,228.88,3552.82
2026-07-02T04:22:53Z,1409781,0.98,4.88,228.74,3552.82
2026-07-02T04:22:54Z,1409781,1.96,2.96,228.74,3552.82
2026-07-02T04:22:55Z,1409781,2.94,5.91,228.89,3552.82
2026-07-02T04:22:56Z,1409781,1.96,4.93,228.89,3552.82
2026-07-02T04:22:57Z,1409781,3.92,4.93,228.89,3552.82
2026-07-02T04:22:58Z,1409781,0.98,4.90,228.89,3552.82
2026-07-02T04:22:59Z,1409781,0.98,2.97,228.90,3552.82
2026-07-02T04:23:00Z,1409781,1.96,4.88,228.90,3552.82
2026-07-02T04:23:01Z,1409781,0.00,2.96,228.90,3552.82
2026-07-02T04:23:02Z,1409781,0.00,2.96,228.76,3552.82
2026-07-02T04:23:03Z,1409781,0.98,2.94,228.76,3552.82
2026-07-02T04:23:04Z,1409781,0.00,2.94,228.76,3552.82
2026-07-02T04:23:05Z,1409781,0.98,29.41,228.76,3552.82
2026-07-02T04:23:06Z,1409781,0.98,10.78,228.76,3552.82
2026-07-02T04:23:07Z,1409781,1.96,3.94,228.77,3552.82
2026-07-02T04:23:08Z,1409781,0.98,2.96,228.77,3552.82
2026-07-02T04:23:09Z,1409781,4.89,36.10,228.93,3552.82
2026-07-02T04:23:10Z,1409781,0.98,6.90,228.93,3552.82
2026-07-02T04:23:11Z,1409781,0.98,3.92,228.93,3552.82
2026-07-02T04:23:12Z,1409781,1.96,3.92,228.93,3552.82
2026-07-02T04:23:13Z,1409781,0.00,33.33,228.93,3552.82
2026-07-02T04:23:14Z,1409781,1.96,19.70,228.80,3552.82
2026-07-02T04:23:15Z,1409781,0.00,3.92,228.80,3552.82
2026-07-02T04:23:16Z,1409781,1.96,3.92,228.80,3552.82
2026-07-02T04:23:17Z,1409781,0.98,2.96,228.80,3552.82
2026-07-02T04:23:18Z,1409781,4.90,7.88,228.95,3552.82
2026-07-02T04:23:19Z,1409781,1.96,4.90,228.95,3552.82
2026-07-02T04:23:20Z,1409781,0.98,2.96,228.95,3552.82
2026-07-02T04:23:21Z,1409781,0.98,3.94,228.95,3552.82
2026-07-02T04:23:22Z,1409781,0.98,3.92,228.95,3552.82
2026-07-02T04:23:23Z,1409781,0.98,1.98,228.81,3552.82
2026-07-02T04:23:24Z,1409781,2.94,5.88,228.95,3552.82
2026-07-02T04:23:25Z,1409781,1.96,3.94,228.95,3552.82
2026-07-02T04:23:26Z,1409781,0.00,3.92,228.95,3552.82
2026-07-02T04:23:27Z,1409781,0.98,3.92,228.95,3552.82
2026-07-02T04:23:28Z,1409781,0.00,3.92,228.95,3552.82
2026-07-02T04:23:29Z,1409781,1.96,2.96,228.81,3552.82
2026-07-02T04:23:30Z,1409781,0.98,3.92,228.81,3552.82
2026-07-02T04:23:31Z,1409781,5.88,8.87,228.82,3552.82
2026-07-02T04:23:32Z,1409781,1.96,4.90,228.96,3552.82
2026-07-02T04:23:34Z,1409781,1.96,2.96,228.96,3552.82
2026-07-02T04:23:35Z,1409781,0.00,3.92,228.96,3552.82
2026-07-02T04:23:36Z,1409781,1.96,5.85,228.96,3552.82
2026-07-02T04:23:37Z,1409781,0.00,2.96,228.96,3552.82
2026-07-02T04:23:38Z,1409781,0.98,3.94,228.82,3552.82
2026-07-02T04:23:39Z,1409781,2.94,4.90,228.83,3552.82
2026-07-02T04:23:40Z,1409781,4.90,5.94,228.84,3552.82
2026-07-02T04:23:41Z,1409781,0.98,3.94,228.84,3552.82
2026-07-02T04:23:42Z,1409781,0.98,2.96,228.84,3552.82
2026-07-02T04:23:43Z,1409781,0.98,3.94,228.84,3552.82
2026-07-02T04:23:44Z,1409781,2.94,3.94,228.84,3552.82
2026-07-02T04:23:45Z,1409781,0.00,2.96,228.84,3552.82
2026-07-02T04:23:46Z,1409781,0.98,2.96,228.84,3552.82
2026-07-02T04:23:47Z,1409781,2.94,5.88,228.85,3552.82
2026-07-02T04:23:48Z,1409781,0.98,3.94,228.85,3552.82
2026-07-02T04:23:49Z,1409781,3.92,4.95,228.85,3552.82
2026-07-02T04:23:50Z,1409781,3.92,6.86,228.99,3552.82
2026-07-02T04:23:51Z,1409781,6.86,12.68,229.01,3552.82
2026-07-02T04:23:52Z,1409781,2.94,4.95,229.01,3552.82
2026-07-02T04:23:53Z,1409781,0.98,3.92,229.01,3552.82
2026-07-02T04:23:54Z,1409781,2.94,4.90,229.01,3552.82
2026-07-02T04:23:55Z,1409781,0.98,2.97,229.01,3552.82
2026-07-02T04:23:56Z,1409781,0.00,3.90,229.01,3552.82
2026-07-02T04:23:57Z,1409781,0.98,2.97,229.03,3552.82
2026-07-02T04:23:58Z,1409781,0.98,3.92,229.03,3552.82
2026-07-02T04:23:59Z,1409781,0.98,3.92,229.04,3552.82
2026-07-02T04:24:00Z,1409781,0.00,2.96,229.04,3552.82
2026-07-02T04:24:01Z,1409781,2.94,4.88,229.04,3552.82
2026-07-02T04:24:02Z,1409781,0.98,2.97,229.04,3552.82
2026-07-02T04:24:03Z,1409781,0.00,2.94,229.04,3552.82
2026-07-02T04:24:04Z,1409781,0.00,2.94,229.04,3552.82
2026-07-02T04:24:05Z,1409781,0.00,2.94,229.04,3552.82
2026-07-02T04:24:06Z,1409781,0.98,2.96,228.90,3552.82
2026-07-02T04:24:07Z,1409781,0.00,3.90,228.90,3552.82
2026-07-02T04:24:08Z,1409781,0.00,2.94,228.90,3552.82
2026-07-02T04:24:09Z,1409781,0.98,2.97,228.90,3552.82
2026-07-02T04:24:10Z,1409781,1.96,6.80,228.90,3552.82
2026-07-02T04:24:11Z,1409781,3.92,4.95,228.91,3552.82
2026-07-02T04:24:12Z,1409781,0.98,3.94,228.91,3552.82
2026-07-02T04:24:13Z,1409781,0.98,2.94,228.91,3552.82
2026-07-02T04:24:14Z,1409781,1.96,4.90,228.91,3552.82
2026-07-02T04:24:15Z,1409781,7.84,9.90,228.93,3552.82
2026-07-02T04:24:16Z,1409781,1.96,3.92,228.93,3552.82
2026-07-02T04:24:17Z,1409781,6.86,10.78,228.96,3552.82
2026-07-02T04:24:18Z,1409781,2.94,3.98,229.10,3552.82
2026-07-02T04:24:19Z,1409781,0.98,4.88,229.10,3552.82
2026-07-02T04:24:20Z,1409781,0.98,3.92,229.10,3552.82
2026-07-02T04:24:21Z,1409781,0.00,2.96,229.10,3552.82
2026-07-02T04:24:23Z,1409781,1.96,2.96,229.10,3552.82
2026-07-02T04:24:24Z,1409781,0.98,4.88,228.96,3552.82
2026-07-02T04:24:25Z,1409781,0.98,3.92,228.96,3552.82
2026-07-02T04:24:26Z,1409781,0.00,1.97,228.96,3552.82
2026-07-02T04:24:27Z,1409781,0.98,2.96,229.11,3552.82
2026-07-02T04:24:28Z,1409781,0.00,2.94,229.11,3552.82
2026-07-02T04:24:29Z,1409781,0.00,2.96,229.11,3552.82
2026-07-02T04:24:30Z,1409781,2.94,5.88,229.11,3552.82
2026-07-02T04:24:31Z,1409781,0.98,4.90,229.11,3552.82
2026-07-02T04:24:32Z,1409781,1.96,3.92,229.11,3552.82
2026-07-02T04:24:33Z,1409781,0.98,3.94,229.11,3552.82
2026-07-02T04:24:34Z,1409781,1.96,3.92,229.11,3552.82
2026-07-02T04:24:35Z,1409781,0.98,2.97,228.97,3552.82
2026-07-02T04:24:36Z,1409781,0.98,3.92,228.97,3552.82
2026-07-02T04:24:37Z,1409781,0.98,2.96,228.97,3552.82
2026-07-02T04:24:38Z,1409781,2.94,5.88,228.97,3552.82
2026-07-02T04:24:39Z,1409781,0.98,3.94,228.97,3552.82
2026-07-02T04:24:40Z,1409781,1.96,3.94,228.97,3552.82
2026-07-02T04:24:41Z,1409781,0.00,3.90,228.97,3552.82
2026-07-02T04:24:42Z,1409781,0.00,2.94,228.97,3552.82
2026-07-02T04:24:43Z,1409781,0.98,2.96,228.97,3552.82
2026-07-02T04:24:44Z,1409781,0.00,2.94,228.97,3552.82
2026-07-02T04:24:45Z,1409781,1.96,3.96,229.15,3552.82
2026-07-02T04:24:46Z,1409781,0.00,2.94,229.15,3552.82
2026-07-02T04:24:47Z,1409781,0.00,3.90,229.15,3552.82
2026-07-02T04:24:48Z,1409781,1.96,4.90,229.15,3552.82
2026-07-02T04:24:49Z,1409781,3.92,5.94,229.16,3552.82
2026-07-02T04:24:50Z,1409781,0.00,3.90,229.02,3552.82
2026-07-02T04:24:51Z,1409781,1.96,1.98,229.02,3552.82
2026-07-02T04:24:52Z,1409781,0.00,2.96,229.02,3552.82
2026-07-02T04:24:53Z,1409781,0.98,4.88,229.02,3552.82
2026-07-02T04:24:54Z,1409781,1.96,3.94,229.02,3552.82
2026-07-02T04:24:55Z,1409781,0.98,3.92,229.03,3552.82
2026-07-02T04:24:56Z,1409781,1.96,4.90,229.03,3552.82
2026-07-02T04:24:57Z,1409781,1.96,4.90,229.17,3552.82
2026-07-02T04:24:58Z,1409781,2.94,5.91,229.17,3552.82
2026-07-02T04:24:59Z,1409781,0.98,2.97,229.17,3552.82
2026-07-02T04:25:00Z,1409781,1.96,4.90,229.17,3552.82
2026-07-02T04:25:01Z,1409781,2.94,5.88,229.17,3552.82
2026-07-02T04:25:02Z,1409781,0.00,2.96,229.17,3552.82
2026-07-02T04:25:03Z,1409781,0.98,4.88,229.03,3552.82
2026-07-02T04:25:04Z,1409781,0.98,2.96,229.04,3552.82
2026-07-02T04:25:05Z,1409781,1.96,3.92,229.04,3552.82
2026-07-02T04:25:06Z,1409781,1.96,4.93,229.04,3552.82
2026-07-02T04:25:07Z,1409781,0.98,4.90,229.04,3552.82
2026-07-02T04:25:08Z,1409781,3.92,5.94,229.18,3552.82
2026-07-02T04:25:09Z,1409781,0.98,3.92,229.18,3552.82
2026-07-02T04:25:10Z,1409781,0.98,3.92,229.18,3552.82
2026-07-02T04:25:12Z,1409781,0.98,3.92,229.18,3552.82
2026-07-02T04:25:13Z,1409781,0.98,1.98,229.18,3552.82
2026-07-02T04:25:14Z,1409781,0.00,3.94,229.04,3552.82
2026-07-02T04:25:15Z,1409781,1.96,3.92,229.04,3552.82
2026-07-02T04:25:16Z,1409781,11.75,15.69,229.07,3552.82
2026-07-02T04:25:17Z,1409781,1.96,3.94,229.21,3552.82
2026-07-02T04:25:18Z,1409781,1.96,4.93,229.21,3552.82
2026-07-02T04:25:19Z,1409781,0.98,4.88,229.21,3552.82
2026-07-02T04:25:20Z,1409781,0.98,3.94,229.21,3552.82
2026-07-02T04:25:21Z,1409781,3.92,5.91,229.21,3552.82
2026-07-02T04:25:22Z,1409781,0.98,3.92,229.07,3552.82
2026-07-02T04:25:23Z,1409781,0.98,3.92,229.07,3552.82
2026-07-02T04:25:24Z,1409781,0.98,3.94,229.21,3552.82
2026-07-02T04:25:25Z,1409781,0.98,1.98,229.21,3552.82
2026-07-02T04:25:26Z,1409781,0.98,2.94,229.21,3552.82
2026-07-02T04:25:27Z,1409781,0.00,4.88,229.21,3552.82
2026-07-02T04:25:28Z,1409781,3.92,4.95,229.23,3552.82
2026-07-02T04:25:29Z,1409781,1.96,4.90,229.23,3552.82
2026-07-02T04:25:30Z,1409781,0.98,3.94,229.23,3552.82
2026-07-02T04:25:31Z,1409781,0.98,2.96,229.23,3552.82
2026-07-02T04:25:32Z,1409781,0.98,4.88,229.23,3552.82
2026-07-02T04:25:33Z,1409781,0.98,2.97,229.09,3552.82
2026-07-02T04:25:34Z,1409781,1.96,4.88,229.09,3552.82
2026-07-02T04:25:35Z,1409781,0.98,3.94,229.09,3552.82
2026-07-02T04:25:36Z,1409781,0.00,2.96,229.09,3552.82
2026-07-02T04:25:37Z,1409781,1.96,3.94,229.09,3552.82
2026-07-02T04:25:38Z,1409781,3.89,5.85,229.09,3552.82
2026-07-02T04:25:39Z,1409781,0.98,3.92,229.09,3552.82
2026-07-02T04:25:40Z,1409781,3.92,6.90,229.23,3552.82
2026-07-02T04:25:41Z,1409781,0.98,4.88,229.23,3552.82
2026-07-02T04:25:42Z,1409781,0.98,2.96,229.23,3552.82
2026-07-02T04:25:43Z,1409781,1.96,3.94,229.23,3552.82
2026-07-02T04:25:44Z,1409781,0.98,3.92,229.23,3552.82
2026-07-02T04:25:45Z,1409781,0.00,2.94,229.23,3552.82
2026-07-02T04:25:46Z,1409781,0.00,3.92,229.23,3552.82
2026-07-02T04:25:47Z,1409781,0.00,2.94,229.23,3552.82
2026-07-02T04:25:48Z,1409781,1.96,5.88,229.10,3552.82
2026-07-02T04:25:49Z,1409781,2.94,3.96,229.10,3552.82
2026-07-02T04:25:50Z,1409781,0.98,3.92,229.10,3552.82
2026-07-02T04:25:51Z,1409781,0.98,2.96,229.10,3552.82
2026-07-02T04:25:52Z,1409781,0.00,3.92,229.10,3552.82
2026-07-02T04:25:53Z,1409781,1.96,2.96,229.10,3552.82
2026-07-02T04:25:54Z,1409781,0.98,3.92,229.24,3552.82
2026-07-02T04:25:55Z,1409781,0.98,3.94,229.24,3552.82
2026-07-02T04:25:56Z,1409781,0.98,3.92,229.24,3552.82
2026-07-02T04:25:57Z,1409781,0.00,2.96,229.24,3552.82
2026-07-02T04:25:58Z,1409781,2.94,4.90,229.32,3552.82
2026-07-02T04:26:00Z,1409781,0.98,2.97,229.32,3552.82
2026-07-02T04:26:01Z,1409781,0.98,4.90,229.32,3552.82
2026-07-02T04:26:02Z,1409781,1.96,3.92,229.32,3552.82
2026-07-02T04:26:03Z,1409781,0.00,2.94,229.32,3552.82
2026-07-02T04:26:04Z,1409781,1.96,4.93,229.32,3552.82
2026-07-02T04:26:05Z,1409781,0.98,2.96,229.32,3552.82
2026-07-02T04:26:06Z,1409781,3.92,6.86,229.32,3552.82
2026-07-02T04:26:07Z,1409781,0.00,3.90,229.32,3552.82
2026-07-02T04:26:08Z,1409781,0.98,3.92,229.32,3552.82
2026-07-02T04:26:09Z,1409781,1.96,2.97,229.18,3552.82
2026-07-02T04:26:10Z,1409781,0.98,4.90,229.18,3552.82
2026-07-02T04:26:11Z,1409781,1.96,3.94,229.18,3552.82
2026-07-02T04:26:12Z,1409781,1.96,3.92,229.18,3552.82
2026-07-02T04:26:13Z,1409781,1.96,4.90,229.32,3552.82
2026-07-02T04:26:14Z,1409781,0.98,2.97,229.32,3552.82
2026-07-02T04:26:15Z,1409781,1.96,4.90,229.32,3552.82
2026-07-02T04:26:16Z,1409781,0.98,2.97,229.32,3552.82
2026-07-02T04:26:17Z,1409781,1.96,3.92,229.32,3552.82
2026-07-02T04:26:18Z,1409781,2.94,5.91,229.18,3552.82
2026-07-02T04:26:19Z,1409781,0.98,4.90,229.18,3552.82
2026-07-02T04:26:20Z,1409781,3.92,4.93,229.18,3552.82
2026-07-02T04:26:21Z,1409781,1.96,5.88,229.19,3552.82
2026-07-02T04:26:22Z,1409781,1.96,3.94,229.19,3552.82
2026-07-02T04:26:23Z,1409781,1.96,3.94,229.32,3552.82
2026-07-02T04:26:24Z,1409781,1.96,4.90,229.32,3552.82
2026-07-02T04:26:25Z,1409781,0.98,3.94,229.32,3552.82
2026-07-02T04:26:26Z,1409781,0.98,3.92,229.32,3552.82
2026-07-02T04:26:27Z,1409781,2.94,5.88,229.33,3552.82
2026-07-02T04:26:28Z,1409781,1.96,2.97,229.33,3552.82
2026-07-02T04:26:29Z,1409781,0.00,4.88,229.33,3552.82
2026-07-02T04:26:30Z,1409781,1.96,4.90,229.33,3552.82
2026-07-02T04:26:31Z,1409781,0.00,2.94,229.33,3552.82
2026-07-02T04:26:32Z,1409781,0.98,2.96,229.21,3552.82
2026-07-02T04:26:33Z,1409781,0.00,2.96,229.21,3552.82
2026-07-02T04:26:34Z,1409781,1.96,6.83,229.38,3552.82
2026-07-02T04:26:35Z,1409781,2.94,4.93,229.38,3552.82
2026-07-02T04:26:36Z,1409781,1.96,3.94,229.38,3552.82
2026-07-02T04:26:37Z,1409781,3.92,9.76,229.40,3552.82
2026-07-02T04:26:38Z,1409781,1.96,4.90,229.40,3552.82
2026-07-02T04:26:39Z,1409781,0.98,3.92,229.27,3552.82
2026-07-02T04:26:40Z,1409781,0.98,2.96,229.27,3552.82
2026-07-02T04:26:41Z,1409781,0.98,2.96,229.27,3552.82
2026-07-02T04:26:42Z,1409781,1.96,3.94,229.40,3552.82
2026-07-02T04:26:43Z,1409781,0.98,3.92,229.40,3552.82
2026-07-02T04:26:44Z,1409781,0.98,2.96,229.40,3552.82
2026-07-02T04:26:45Z,1409781,0.98,3.92,229.40,3552.82
2026-07-02T04:26:46Z,1409781,0.00,3.90,229.40,3552.82
2026-07-02T04:26:47Z,1409781,0.00,2.96,229.27,3552.82
2026-07-02T04:26:49Z,1409781,0.98,2.96,229.27,3552.82
2026-07-02T04:26:50Z,1409781,0.98,3.94,229.41,3552.82
2026-07-02T04:26:51Z,1409781,0.98,2.94,229.41,3552.82
2026-07-02T04:26:52Z,1409781,0.00,1.97,229.41,3552.82
2026-07-02T04:26:53Z,1409781,0.00,3.92,229.41,3552.82
2026-07-02T04:26:54Z,1409781,0.98,3.92,229.41,3552.82
2026-07-02T04:26:55Z,1409781,0.00,3.92,229.41,3552.82
2026-07-02T04:26:56Z,1409781,0.00,1.97,229.41,3552.82
2026-07-02T04:26:57Z,1409781,0.98,2.96,229.41,3552.82
2026-07-02T04:26:58Z,1409781,0.98,3.90,229.27,3552.82
2026-07-02T04:26:59Z,1409781,0.00,2.96,229.27,3552.82
2026-07-02T04:27:00Z,1409781,0.98,3.92,229.41,3552.82
2026-07-02T04:27:01Z,1409781,1.96,3.94,229.41,3552.82
2026-07-02T04:27:02Z,1409781,0.98,4.90,229.41,3552.82
2026-07-02T04:27:03Z,1409781,2.94,4.93,229.41,3552.82
2026-07-02T04:27:04Z,1409781,1.96,5.85,229.41,3552.82
2026-07-02T04:27:05Z,1409781,2.94,5.91,229.27,3552.82
2026-07-02T04:27:06Z,1409781,3.92,5.91,229.27,3552.82
2026-07-02T04:27:07Z,1409781,1.96,2.97,229.27,3552.82
2026-07-02T04:27:08Z,1409781,0.98,4.88,229.27,3552.82
2026-07-02T04:27:09Z,1409781,0.98,4.93,229.27,3552.82
2026-07-02T04:27:10Z,1409781,1.96,3.94,229.27,3552.82
2026-07-02T04:27:11Z,1409781,2.94,4.93,229.41,3552.82
2026-07-02T04:27:12Z,1409781,0.98,3.92,229.41,3552.82
2026-07-02T04:27:13Z,1409781,0.00,2.94,229.41,3552.82
2026-07-02T04:27:14Z,1409781,0.00,1.97,229.41,3552.82
2026-07-02T04:27:15Z,1409781,2.94,6.86,229.41,3552.82
2026-07-02T04:27:16Z,1409781,0.98,3.94,229.28,3552.82
2026-07-02T04:27:17Z,1409781,0.00,3.90,229.28,3552.82
2026-07-02T04:27:18Z,1409781,0.98,1.97,229.28,3552.82
2026-07-02T04:27:19Z,1409781,0.98,4.85,229.28,3552.82
2026-07-02T04:27:20Z,1409781,0.00,2.94,229.28,3552.82
2026-07-02T04:27:21Z,1409781,0.00,1.98,229.28,3552.82
2026-07-02T04:27:22Z,1409781,0.00,2.94,229.28,3552.82
2026-07-02T04:27:23Z,1409781,0.00,2.94,229.28,3552.82
2026-07-02T04:27:24Z,1409781,1.96,5.88,229.44,3552.82
2026-07-02T04:27:25Z,1409781,4.89,6.86,229.44,3552.82
2026-07-02T04:27:26Z,1409781,0.98,3.94,229.44,3552.82
2026-07-02T04:27:27Z,1409781,1.96,3.94,229.44,3552.82
2026-07-02T04:27:28Z,1409781,1.96,2.97,229.44,3552.82
2026-07-02T04:27:29Z,1409781,0.98,2.96,229.30,3552.82
2026-07-02T04:27:30Z,1409781,3.92,8.82,229.45,3552.82
2026-07-02T04:27:31Z,1409781,4.90,36.45,229.46,3552.82
2026-07-02T04:27:32Z,1409781,1.96,4.90,229.46,3552.82
2026-07-02T04:27:33Z,1409781,0.98,4.90,229.46,3552.82
2026-07-02T04:27:34Z,1409781,1.96,3.94,229.46,3552.82
2026-07-02T04:27:35Z,1409781,0.98,3.92,229.46,3552.82
2026-07-02T04:27:36Z,1409781,2.94,5.94,229.46,3552.82
2026-07-02T04:27:38Z,1409781,2.94,4.90,229.46,3552.82
2026-07-02T04:27:39Z,1409781,2.94,5.91,229.32,3552.82
2026-07-02T04:27:40Z,1409781,0.98,3.92,229.32,3552.82
2026-07-02T04:27:41Z,1409781,1.96,4.93,229.32,3552.82
2026-07-02T04:27:42Z,1409781,1.96,3.94,229.33,3552.82
2026-07-02T04:27:43Z,1409781,0.98,2.96,229.33,3552.82
2026-07-02T04:27:44Z,1409781,3.92,7.80,229.33,3552.82
2026-07-02T04:27:45Z,1409781,1.96,2.97,229.33,3552.82
2026-07-02T04:27:46Z,1409781,0.00,3.92,229.33,3552.82
2026-07-02T04:27:47Z,1409781,1.96,4.90,229.33,3552.82
2026-07-02T04:27:48Z,1409781,1.95,3.94,229.46,3552.82
2026-07-02T04:27:49Z,1409781,1.96,3.92,229.46,3552.82
2026-07-02T04:27:50Z,1409781,0.00,3.92,229.46,3552.82
2026-07-02T04:27:51Z,1409781,0.98,2.96,229.46,3552.82
2026-07-02T04:27:52Z,1409781,0.98,3.92,229.46,3552.82
2026-07-02T04:27:53Z,1409781,0.00,2.94,229.33,3552.82
2026-07-02T04:27:54Z,1409781,0.98,2.97,229.33,3552.82
2026-07-02T04:27:55Z,1409781,4.90,6.86,229.48,3552.82
2026-07-02T04:27:56Z,1409781,1.96,5.94,229.48,3552.82
2026-07-02T04:27:57Z,1409781,1.96,5.85,229.49,3552.82
2026-07-02T04:27:58Z,1409781,0.98,2.96,229.49,3552.82
2026-07-02T04:27:59Z,1409781,0.98,4.90,229.50,3552.82
2026-07-02T04:28:00Z,1409781,0.98,2.94,229.50,3552.82
2026-07-02T04:28:01Z,1409781,0.98,3.94,229.50,3552.82
2026-07-02T04:28:02Z,1409781,0.98,4.90,229.50,3552.82
2026-07-02T04:28:03Z,1409781,2.94,4.90,229.50,3552.82
2026-07-02T04:28:04Z,1409781,0.00,3.92,229.50,3552.82
2026-07-02T04:28:05Z,1409781,0.98,2.96,229.50,3552.82
2026-07-02T04:28:06Z,1409781,0.98,2.96,229.36,3552.82
2026-07-02T04:28:07Z,1409781,0.98,2.94,229.36,3552.82
2026-07-02T04:28:08Z,1409781,0.00,2.96,229.36,3552.82
2026-07-02T04:28:09Z,1409781,0.00,2.96,229.36,3552.82
2026-07-02T04:28:10Z,1409781,0.00,3.90,229.36,3552.82
2026-07-02T04:28:11Z,1409781,0.98,2.94,229.36,3552.82
2026-07-02T04:28:12Z,1409781,0.00,2.93,229.36,3552.82
2026-07-02T04:28:13Z,1409781,0.98,1.98,229.36,3552.82
2026-07-02T04:28:14Z,1409781,0.00,4.85,229.36,3552.82
2026-07-02T04:28:15Z,1409781,0.00,1.97,229.36,3552.82
2026-07-02T04:28:16Z,1409781,0.00,2.96,229.36,3552.82
2026-07-02T04:28:17Z,1409781,0.00,2.94,229.36,3552.82
2026-07-02T04:28:18Z,1409781,0.00,2.94,229.36,3552.82
2026-07-02T04:28:19Z,1409781,0.98,2.94,229.36,3552.82
2026-07-02T04:28:20Z,1409781,0.00,1.97,229.36,3552.82
2026-07-02T04:28:21Z,1409781,0.00,3.92,229.36,3552.82
2026-07-02T04:28:22Z,1409781,0.00,2.94,229.36,3552.82
2026-07-02T04:28:23Z,1409781,0.00,1.97,229.36,3552.82
2026-07-02T04:28:24Z,1409781,0.00,2.96,229.36,3552.82
2026-07-02T04:28:25Z,1409781,0.00,2.94,229.36,3552.82
2026-07-02T04:28:27Z,1409781,0.00,2.94,229.36,3552.82
2026-07-02T04:28:28Z,1409781,22.55,25.62,229.68,3552.82
2026-07-02T04:28:29Z,1409781,3.92,5.91,229.68,3552.82
2026-07-02T04:28:30Z,1409781,0.98,3.94,229.68,3552.82
2026-07-02T04:28:31Z,1409781,4.90,6.86,229.68,3552.82
2026-07-02T04:28:32Z,1409781,0.00,3.94,229.68,3552.82
2026-07-02T04:28:33Z,1409781,1.96,2.96,229.54,3552.82
2026-07-02T04:28:34Z,1409781,1.96,4.90,229.54,3552.82
2026-07-02T04:28:35Z,1409781,0.98,2.96,229.54,3552.82
2026-07-02T04:28:36Z,1409781,0.00,2.97,229.54,3552.82
2026-07-02T04:28:37Z,1409781,1.96,4.88,229.54,3552.82
2026-07-02T04:28:38Z,1409781,0.00,2.96,229.54,3552.82
2026-07-02T04:28:39Z,1409781,0.98,3.90,229.54,3552.82
2026-07-02T04:28:40Z,1409781,0.98,2.96,229.54,3552.82
2026-07-02T04:28:41Z,1409781,0.98,3.94,229.54,3552.82
2026-07-02T04:28:42Z,1409781,0.98,3.92,229.54,3552.82
2026-07-02T04:28:43Z,1409781,1.96,4.90,229.54,3552.82
2026-07-02T04:28:44Z,1409781,1.96,3.94,229.54,3552.82
2026-07-02T04:28:45Z,1409781,0.98,3.94,229.54,3552.82
2026-07-02T04:28:46Z,1409781,3.92,5.91,229.54,3552.82
2026-07-02T04:28:47Z,1409781,2.94,3.96,229.54,3552.82
2026-07-02T04:28:48Z,1409781,0.00,3.92,229.54,3552.82
2026-07-02T04:28:49Z,1409781,1.96,4.90,229.55,3552.82
2026-07-02T04:28:50Z,1409781,0.98,3.94,229.55,3552.82
2026-07-02T04:28:51Z,1409781,0.98,2.94,229.55,3552.82
2026-07-02T04:28:52Z,1409781,0.98,4.90,229.69,3552.82
2026-07-02T04:28:53Z,1409781,0.98,3.94,229.69,3552.82
2026-07-02T04:28:54Z,1409781,1.96,4.88,229.69,3552.82
2026-07-02T04:28:55Z,1409781,0.98,3.92,229.70,3552.82
2026-07-02T04:28:56Z,1409781,1.96,3.94,229.70,3552.82
2026-07-02T04:28:57Z,1409781,0.98,3.92,229.70,3552.82
2026-07-02T04:28:58Z,1409781,2.94,5.88,229.72,3552.82
2026-07-02T04:28:59Z,1409781,0.00,2.96,229.72,3552.82
2026-07-02T04:29:00Z,1409781,1.96,3.92,229.72,3552.82
2026-07-02T04:29:01Z,1409781,0.00,3.94,229.72,3552.82
2026-07-02T04:29:02Z,1409781,1.96,2.96,229.72,3552.82
2026-07-02T04:29:03Z,1409781,0.98,3.94,229.58,3552.82
2026-07-02T04:29:04Z,1409781,1.96,3.94,229.58,3552.82
2026-07-02T04:29:05Z,1409781,0.98,2.96,229.58,3552.82
2026-07-02T04:29:06Z,1409781,0.98,3.92,229.58,3552.82
2026-07-02T04:29:07Z,1409781,1.96,3.92,229.58,3552.82
2026-07-02T04:29:08Z,1409781,0.00,2.96,229.58,3552.82
2026-07-02T04:29:09Z,1409781,0.98,2.97,229.58,3552.82
2026-07-02T04:29:10Z,1409781,0.98,2.94,229.58,3552.82
2026-07-02T04:29:11Z,1409781,0.98,2.97,229.58,3552.82
2026-07-02T04:29:12Z,1409781,0.98,3.92,229.58,3552.82
2026-07-02T04:29:13Z,1409781,0.98,3.92,229.58,3552.82
2026-07-02T04:29:14Z,1409781,0.98,4.90,229.58,3552.82
2026-07-02T04:29:16Z,1409781,1.96,3.94,229.58,3552.82
2026-07-02T04:29:17Z,1409781,2.94,4.93,229.59,3552.82
2026-07-02T04:29:18Z,1409781,0.98,4.93,229.59,3552.82
2026-07-02T04:29:19Z,1409781,3.92,6.86,229.73,3552.82
2026-07-02T04:29:20Z,1409781,3.92,7.84,229.74,3552.82
2026-07-02T04:29:21Z,1409781,1.96,3.94,229.74,3552.82
2026-07-02T04:29:22Z,1409781,0.98,4.90,229.74,3552.82
2026-07-02T04:29:23Z,1409781,6.86,8.91,229.75,3552.82
2026-07-02T04:29:24Z,1409781,2.94,5.91,229.75,3552.82
2026-07-02T04:29:25Z,1409781,2.94,5.88,229.75,3552.82
2026-07-02T04:29:26Z,1409781,2.94,5.88,229.77,3552.82
2026-07-02T04:29:27Z,1409781,1.96,2.97,229.77,3552.82
2026-07-02T04:29:28Z,1409781,0.98,4.88,229.77,3552.82
2026-07-02T04:29:29Z,1409781,0.98,3.94,229.77,3552.82
2026-07-02T04:29:30Z,1409781,1.96,2.96,229.77,3552.82
2026-07-02T04:29:31Z,1409781,0.98,3.94,229.63,3552.82
2026-07-02T04:29:32Z,1409781,0.98,4.90,229.63,3552.82
2026-07-02T04:29:33Z,1409781,1.96,4.90,229.63,3552.82
2026-07-02T04:29:34Z,1409781,1.96,3.94,229.63,3552.82
2026-07-02T04:29:35Z,1409781,1.96,3.94,229.63,3552.82
2026-07-02T04:29:36Z,1409781,0.98,2.97,229.63,3552.82
2026-07-02T04:29:37Z,1409781,5.86,7.84,229.63,3552.82
2026-07-02T04:29:38Z,1409781,2.94,4.93,229.64,3552.82
2026-07-02T04:29:39Z,1409781,0.98,3.94,229.64,3552.82
2026-07-02T04:29:40Z,1409781,0.98,3.92,229.64,3552.82
2026-07-02T04:29:41Z,1409781,0.98,4.90,229.64,3552.82
2026-07-02T04:29:42Z,1409781,0.98,4.93,229.64,3552.82
2026-07-02T04:29:43Z,1409781,1.96,3.94,229.64,3552.82
2026-07-02T04:29:44Z,1409781,1.96,4.88,229.64,3552.82
2026-07-02T04:29:45Z,1409781,3.92,7.88,229.79,3552.82
2026-07-02T04:29:46Z,1409781,1.96,3.92,229.79,3552.82
2026-07-02T04:29:47Z,1409781,1.96,4.93,229.79,3552.82
2026-07-02T04:29:48Z,1409781,1.96,4.93,229.80,3552.82
2026-07-02T04:29:49Z,1409781,1.96,4.90,229.80,3552.82
2026-07-02T04:29:50Z,1409781,1.96,35.47,229.67,3552.82
2026-07-02T04:29:51Z,1409781,0.00,3.90,229.67,3552.82
2026-07-02T04:29:52Z,1409781,1.96,4.90,229.80,3552.82
2026-07-02T04:29:53Z,1409781,0.00,2.96,229.80,3552.82
2026-07-02T04:29:54Z,1409781,1.96,4.93,229.80,3552.82
2026-07-02T04:29:55Z,1409781,0.98,2.97,229.80,3552.82
2026-07-02T04:29:56Z,1409781,3.92,5.88,229.80,3552.82
2026-07-02T04:29:57Z,1409781,1.96,4.93,229.88,3552.82
2026-07-02T04:29:58Z,1409781,2.94,5.91,229.88,3552.82
2026-07-02T04:29:59Z,1409781,1.96,2.96,229.88,3552.82
2026-07-02T04:30:00Z,1409781,0.00,4.93,229.88,3552.82
2026-07-02T04:30:01Z,1409781,0.00,3.92,229.88,3552.82
2026-07-02T04:30:02Z,1409781,0.98,4.90,229.74,3552.82
2026-07-02T04:30:04Z,1409781,0.98,2.96,229.74,3552.82
2026-07-02T04:30:05Z,1409781,0.98,3.92,229.74,3552.82
2026-07-02T04:30:06Z,1409781,1.96,4.93,229.74,3552.82
2026-07-02T04:30:07Z,1409781,1.96,5.88,229.74,3552.82
2026-07-02T04:30:08Z,1409781,1.96,4.90,229.74,3552.82
2026-07-02T04:30:09Z,1409781,0.00,4.93,229.74,3552.82
2026-07-02T04:30:10Z,1409781,1.96,2.96,229.74,3552.82
2026-07-02T04:30:11Z,1409781,0.98,3.94,229.74,3552.82
2026-07-02T04:30:12Z,1409781,2.94,5.88,229.89,3552.82
2026-07-02T04:30:13Z,1409781,0.98,3.92,229.89,3552.82
2026-07-02T04:30:14Z,1409781,1.96,4.93,229.89,3552.82
2026-07-02T04:30:15Z,1409781,0.98,3.94,229.89,3552.82
2026-07-02T04:30:16Z,1409781,0.98,3.92,229.89,3552.82
2026-07-02T04:30:17Z,1409781,1.96,5.88,229.75,3552.82
2026-07-02T04:30:18Z,1409781,0.98,2.96,229.75,3552.82
2026-07-02T04:30:19Z,1409781,0.98,2.94,229.75,3552.82
2026-07-02T04:30:20Z,1409781,1.96,3.94,229.75,3552.82
2026-07-02T04:30:21Z,1409781,1.96,7.84,229.89,3552.82
2026-07-02T04:30:22Z,1409781,0.98,2.97,229.89,3552.82
2026-07-02T04:30:23Z,1409781,1.96,4.90,229.89,3552.82
2026-07-02T04:30:24Z,1409781,0.98,4.88,229.89,3552.82
2026-07-02T04:30:25Z,1409781,0.00,2.96,229.89,3552.82
2026-07-02T04:30:26Z,1409781,0.98,3.94,229.76,3552.82
2026-07-02T04:30:27Z,1409781,1.96,4.90,229.90,3552.82
2026-07-02T04:30:28Z,1409781,0.98,3.94,229.90,3552.82
2026-07-02T04:30:29Z,1409781,0.98,3.92,229.90,3552.82
2026-07-02T04:30:30Z,1409781,0.98,2.96,229.90,3552.82
2026-07-02T04:30:31Z,1409781,1.96,3.94,229.90,3552.82
2026-07-02T04:30:32Z,1409781,0.98,3.94,229.76,3552.82
2026-07-02T04:30:33Z,1409781,0.98,5.88,229.76,3552.82
2026-07-02T04:30:34Z,1409781,0.98,3.92,229.77,3552.82
2026-07-02T04:30:35Z,1409781,0.00,2.96,229.77,3552.82
2026-07-02T04:30:36Z,1409781,0.00,2.94,229.77,3552.82
2026-07-02T04:30:37Z,1409781,0.00,2.94,229.77,3552.82
2026-07-02T04:30:38Z,1409781,0.00,2.94,229.77,3552.82
2026-07-02T04:30:39Z,1409781,0.00,2.97,229.77,3552.82
2026-07-02T04:30:40Z,1409781,3.92,6.83,229.91,3552.82
2026-07-02T04:30:41Z,1409781,0.00,2.94,229.91,3552.82
2026-07-02T04:30:42Z,1409781,0.00,2.96,229.91,3552.82
2026-07-02T04:30:43Z,1409781,0.00,2.94,229.91,3552.82
2026-07-02T04:30:44Z,1409781,0.00,2.94,229.91,3552.82
2026-07-02T04:30:45Z,1409781,0.00,2.97,229.78,3552.82
2026-07-02T04:30:46Z,1409781,0.98,3.92,229.91,3552.82
2026-07-02T04:30:47Z,1409781,0.00,3.92,229.91,3552.82
2026-07-02T04:30:48Z,1409781,0.00,2.94,229.91,3552.82
2026-07-02T04:30:49Z,1409781,0.98,1.97,229.91,3552.82
2026-07-02T04:30:50Z,1409781,0.00,4.90,229.93,3552.82
2026-07-02T04:30:51Z,1409781,0.98,2.94,229.93,3552.82
2026-07-02T04:30:53Z,1409781,0.00,5.88,229.93,3552.82
2026-07-02T04:30:54Z,1409781,1.96,1.97,229.93,3552.82
2026-07-02T04:30:55Z,1409781,0.00,3.92,229.93,3552.82
2026-07-02T04:30:56Z,1409781,0.00,1.97,229.93,3552.82
2026-07-02T04:30:57Z,1409781,0.00,2.94,229.93,3552.82
2026-07-02T04:30:58Z,1409781,0.00,2.96,229.79,3552.82
2026-07-02T04:30:59Z,1409781,0.00,2.94,229.79,3552.82
2026-07-02T04:31:00Z,1409781,0.00,3.94,229.79,3552.82
2026-07-02T04:31:01Z,1409781,0.00,3.90,229.79,3552.82
2026-07-02T04:31:02Z,1409781,0.00,1.97,229.79,3552.82
2026-07-02T04:31:03Z,1409781,0.98,3.92,229.79,3552.82
2026-07-02T04:31:04Z,1409781,0.00,1.97,229.79,3552.82
2026-07-02T04:31:05Z,1409781,0.00,2.96,229.79,3552.82
2026-07-02T04:31:06Z,1409781,0.00,2.94,229.79,3552.82
2026-07-02T04:31:07Z,1409781,0.00,3.92,229.79,3552.82
2026-07-02T04:31:08Z,1409781,0.00,2.96,229.79,3552.82
2026-07-02T04:31:09Z,1409781,0.00,3.90,229.79,3552.82
2026-07-02T04:31:10Z,1409781,1.96,2.96,229.93,3552.82
2026-07-02T04:31:11Z,1409781,4.90,7.88,229.95,3552.82
2026-07-02T04:31:12Z,1409781,0.00,2.94,229.95,3552.82
2026-07-02T04:31:13Z,1409781,0.00,2.94,229.95,3552.82
2026-07-02T04:31:14Z,1409781,0.00,4.90,229.95,3552.82
2026-07-02T04:31:15Z,1409781,0.98,3.92,229.95,3552.82
2026-07-02T04:31:16Z,1409781,0.00,2.94,229.95,3552.82
2026-07-02T04:31:17Z,1409781,0.00,2.94,229.95,3552.82
2026-07-02T04:31:18Z,1409781,0.00,3.90,229.95,3552.82
2026-07-02T04:31:19Z,1409781,0.98,3.92,229.96,3552.82
2026-07-02T04:31:20Z,1409781,0.00,34.31,229.96,3552.82
2026-07-02T04:31:21Z,1409781,0.00,2.94,229.96,3552.82
2026-07-02T04:31:22Z,1409781,0.00,1.98,229.96,3552.82
2026-07-02T04:31:23Z,1409781,0.00,2.94,229.96,3552.82
2026-07-02T04:31:24Z,1409781,0.00,2.96,229.82,3552.82
2026-07-02T04:31:25Z,1409781,0.00,4.88,229.82,3552.82
2026-07-02T04:31:26Z,1409781,0.98,2.94,229.82,3552.82
2026-07-02T04:31:27Z,1409781,0.00,2.96,229.82,3552.82
2026-07-02T04:31:28Z,1409781,0.98,2.94,229.82,3552.82
2026-07-02T04:31:29Z,1409781,0.00,2.96,229.82,3552.82
2026-07-02T04:31:30Z,1409781,0.00,2.94,229.82,3552.82
2026-07-02T04:31:31Z,1409781,0.00,2.96,229.82,3552.82
2026-07-02T04:31:32Z,1409781,0.00,3.92,229.82,3552.82
2026-07-02T04:31:33Z,1409781,0.00,2.96,229.82,3552.82
2026-07-02T04:31:34Z,1409781,3.92,6.86,229.98,3552.82
2026-07-02T04:31:35Z,1409781,0.00,2.94,229.98,3552.82
2026-07-02T04:31:36Z,1409781,0.00,1.97,229.98,3552.82
2026-07-02T04:31:37Z,1409781,0.00,2.93,229.98,3552.82
2026-07-02T04:31:38Z,1409781,0.00,3.94,229.98,3552.82
2026-07-02T04:31:39Z,1409781,0.00,3.90,229.84,3552.82
2026-07-02T04:31:40Z,1409781,0.98,2.96,229.84,3552.82
2026-07-02T04:31:42Z,1409781,0.00,2.94,229.84,3552.82
2026-07-02T04:31:43Z,1409781,0.98,3.92,229.99,3552.82
2026-07-02T04:31:44Z,1409781,0.00,3.92,229.99,3552.82
2026-07-02T04:31:45Z,1409781,0.00,2.96,229.99,3552.82
2026-07-02T04:31:46Z,1409781,0.00,4.90,229.99,3552.82
2026-07-02T04:31:47Z,1409781,0.00,2.96,229.99,3552.82
2026-07-02T04:31:48Z,1409781,0.00,3.90,229.85,3552.82
2026-07-02T04:31:49Z,1409781,1.96,3.94,229.99,3552.82
2026-07-02T04:31:50Z,1409781,0.00,2.96,229.99,3552.82
2026-07-02T04:31:51Z,1409781,0.00,2.96,229.99,3552.82
2026-07-02T04:31:52Z,1409781,0.00,2.94,229.99,3552.82
2026-07-02T04:31:53Z,1409781,0.00,2.96,229.86,3552.82
2026-07-02T04:31:54Z,1409781,0.00,2.94,229.86,3552.82
2026-07-02T04:31:55Z,1409781,0.00,1.97,229.86,3552.82
2026-07-02T04:31:56Z,1409781,0.98,4.90,229.86,3552.82
2026-07-02T04:31:57Z,1409781,0.00,32.35,229.86,3552.82
2026-07-02T04:31:58Z,1409781,0.00,2.96,229.86,3552.82
2026-07-02T04:31:59Z,1409781,0.00,3.90,229.86,3552.82
2026-07-02T04:32:00Z,1409781,0.98,2.96,230.00,3552.82
2026-07-02T04:32:01Z,1409781,0.00,3.90,230.00,3552.82
2026-07-02T04:32:02Z,1409781,0.00,2.96,230.00,3552.82
2026-07-02T04:32:03Z,1409781,0.98,4.90,230.00,3552.82
2026-07-02T04:32:04Z,1409781,0.00,2.96,230.00,3552.82
2026-07-02T04:32:05Z,1409781,0.00,2.94,230.00,3552.82
2026-07-02T04:32:06Z,1409781,0.00,2.94,230.00,3552.82
2026-07-02T04:32:07Z,1409781,0.00,3.94,230.00,3552.82
2026-07-02T04:32:08Z,1409781,1.96,3.92,230.00,3552.82
2026-07-02T04:32:09Z,1409781,0.00,33.33,230.00,3552.82
2026-07-02T04:32:10Z,1409781,0.00,2.94,230.00,3552.82
2026-07-02T04:32:11Z,1409781,0.00,3.92,229.94,3552.82
2026-07-02T04:32:12Z,1409781,0.00,2.96,229.87,3552.82
2026-07-02T04:32:13Z,1409781,0.00,2.96,229.87,3552.82
2026-07-02T04:32:14Z,1409781,0.00,33.33,229.87,3552.82
2026-07-02T04:32:15Z,1409781,0.98,2.96,230.00,3552.82
2026-07-02T04:32:16Z,1409781,0.00,3.90,230.00,3552.82
2026-07-02T04:32:17Z,1409781,0.00,2.96,230.00,3552.82
2026-07-02T04:32:18Z,1409781,0.00,2.96,230.00,3552.82
2026-07-02T04:32:19Z,1409781,0.00,2.94,230.00,3552.82
2026-07-02T04:32:20Z,1409781,0.00,2.96,229.87,3552.82
2026-07-02T04:32:21Z,1409781,0.00,3.90,229.87,3552.82
2026-07-02T04:32:22Z,1409781,0.98,3.92,229.87,3552.82
2026-07-02T04:32:23Z,1409781,0.00,2.96,229.87,3552.82
2026-07-02T04:32:24Z,1409781,0.98,3.92,229.87,3552.82
2026-07-02T04:32:25Z,1409781,0.98,3.92,230.02,3552.82
2026-07-02T04:32:26Z,1409781,0.00,1.97,230.02,3552.82
2026-07-02T04:32:27Z,1409781,0.00,3.90,230.02,3552.82
2026-07-02T04:32:28Z,1409781,0.00,1.98,230.02,3552.82
2026-07-02T04:32:29Z,1409781,0.00,3.92,230.02,3552.82
2026-07-02T04:32:31Z,1409781,0.00,2.96,229.89,3552.82
2026-07-02T04:32:32Z,1409781,0.00,3.90,229.89,3552.82
2026-07-02T04:32:33Z,1409781,0.98,3.94,230.02,3552.82
2026-07-02T04:32:34Z,1409781,0.00,2.94,230.02,3552.82
2026-07-02T04:32:35Z,1409781,0.00,2.94,230.02,3552.82
2026-07-02T04:32:36Z,1409781,0.00,2.96,230.02,3552.82
2026-07-02T04:32:37Z,1409781,0.98,3.94,230.02,3552.82
2026-07-02T04:32:38Z,1409781,0.00,3.90,230.02,3552.82
2026-07-02T04:32:39Z,1409781,0.00,2.96,230.02,3552.82
2026-07-02T04:32:40Z,1409781,0.00,2.94,230.02,3552.82
2026-07-02T04:32:41Z,1409781,0.98,1.97,230.02,3552.82
2026-07-02T04:32:42Z,1409781,0.00,2.96,229.89,3552.82
2026-07-02T04:32:43Z,1409781,0.98,3.92,230.03,3552.82
2026-07-02T04:32:44Z,1409781,0.00,4.88,230.03,3552.82
2026-07-02T04:32:45Z,1409781,0.00,1.98,230.03,3552.82
2026-07-02T04:32:46Z,1409781,0.00,2.94,230.03,3552.82
2026-07-02T04:32:47Z,1409781,0.00,3.92,230.03,3552.82
2026-07-02T04:32:48Z,1409781,0.98,2.94,229.89,3552.82
2026-07-02T04:32:49Z,1409781,0.00,2.94,229.89,3552.82
2026-07-02T04:32:50Z,1409781,0.00,34.31,229.89,3552.82
2026-07-02T04:32:51Z,1409781,0.00,2.94,229.89,3552.82
2026-07-02T04:32:52Z,1409781,13.71,16.75,230.10,3552.82
2026-07-02T04:32:53Z,1409781,0.00,2.94,230.10,3552.82
2026-07-02T04:32:54Z,1409781,0.00,3.92,230.10,3552.82
2026-07-02T04:32:55Z,1409781,0.98,2.94,230.10,3552.82
2026-07-02T04:32:56Z,1409781,0.00,33.33,230.10,3552.82
2026-07-02T04:32:57Z,1409781,0.00,2.96,229.96,3552.82
2026-07-02T04:32:58Z,1409781,0.00,2.94,229.96,3552.82
2026-07-02T04:32:59Z,1409781,0.98,40.20,230.11,3552.82
2026-07-02T04:33:00Z,1409781,0.00,10.78,230.11,3552.82
2026-07-02T04:33:01Z,1409781,0.00,3.94,230.11,3552.82
2026-07-02T04:33:02Z,1409781,0.98,17.82,230.11,3552.82
2026-07-02T04:33:03Z,1409781,0.00,3.90,230.11,3552.82
2026-07-02T04:33:04Z,1409781,0.00,1.97,230.11,3552.82
2026-07-02T04:33:05Z,1409781,0.98,2.94,229.97,3552.82
